[27апр.2026 21:37:20.587] [main/INFO] [cpw.mods.modlauncher.Launcher/MODLAUNCHER]: ModLauncher running: args [--launchTarget, forgeclientuserdev, --version, MOD_DEV, --assetIndex, 5, --assetsDir, C:\Users\GameBox\.gradle\caches\forge_gradle\assets, --gameDir, ., --fml.forgeVersion, 47.4.10, --fml.mcVersion, 1.20.1, --fml.forgeGroup, net.minecraftforge, --fml.mcpVersion, 20230612.114412]
[27апр.2026 21:37:20.591] [main/INFO] [cpw.mods.modlauncher.Launcher/MODLAUNCHER]: ModLauncher 10.0.9+10.0.9+main.dcd20f30 starting: java version 17.0.18 by Eclipse Adoptium; OS Windows 11 arch amd64 version 10.0
[27апр.2026 21:37:20.629] [main/DEBUG] [cpw.mods.modlauncher.LaunchServiceHandler/MODLAUNCHER]: Found launch services [fmlclientdev,forgeclient,minecraft,forgegametestserverdev,fmlserveruserdev,fmlclient,fmldatauserdev,forgeserverdev,forgeserveruserdev,forgeclientdev,forgeclientuserdev,forgeserver,forgedatadev,fmlserver,fmlclientuserdev,fmlserverdev,forgedatauserdev,testharness,forgegametestserveruserdev]
[27апр.2026 21:37:20.645] [main/DEBUG] [cpw.mods.modlauncher.NameMappingServiceHandler/MODLAUNCHER]: Found naming services : [srgtomcp]
[27апр.2026 21:37:20.653] [main/DEBUG] [cpw.mods.modlauncher.LaunchPluginHandler/MODLAUNCHER]: Found launch plugins: [mixin,eventbus,slf4jfixer,object_holder_definalize,runtime_enum_extender,capability_token_subclass,accesstransformer,runtimedistcleaner]
[27апр.2026 21:37:20.659] [main/DEBUG] [cpw.mods.modlauncher.TransformationServicesHandler/MODLAUNCHER]: Discovering transformation services
[27апр.2026 21:37:20.664] [main/DEBUG] [net.minecraftforge.fml.loading.FMLPaths/CORE]: Path GAMEDIR is C:\Users\GameBox\Documents\programist\minecraft apocalipsis\inventory_expended\inventory_project\run
[27апр.2026 21:37:20.664] [main/DEBUG] [net.minecraftforge.fml.loading.FMLPaths/CORE]: Path MODSDIR is C:\Users\GameBox\Documents\programist\minecraft apocalipsis\inventory_expended\inventory_project\run\mods
[27апр.2026 21:37:20.665] [main/DEBUG] [net.minecraftforge.fml.loading.FMLPaths/CORE]: Path CONFIGDIR is C:\Users\GameBox\Documents\programist\minecraft apocalipsis\inventory_expended\inventory_project\run\config
[27апр.2026 21:37:20.665] [main/DEBUG] [net.minecraftforge.fml.loading.FMLPaths/CORE]: Path FMLCONFIG is C:\Users\GameBox\Documents\programist\minecraft apocalipsis\inventory_expended\inventory_project\run\config\fml.toml
[27апр.2026 21:37:20.694] [main/DEBUG] [cpw.mods.modlauncher.TransformationServicesHandler/MODLAUNCHER]: Found additional transformation services from discovery services: 
[27апр.2026 21:37:20.702] [main/INFO] [net.minecraftforge.fml.loading.ImmediateWindowHandler/]: Loading ImmediateWindowProvider fmlearlywindow
[27апр.2026 21:37:20.756] [main/INFO] [EARLYDISPLAY/]: Trying GL version 4.6
[27апр.2026 21:37:20.904] [main/INFO] [EARLYDISPLAY/]: Requested GL version 4.6 got version 4.6
[27апр.2026 21:37:20.956] [main/DEBUG] [cpw.mods.modlauncher.TransformationServicesHandler/MODLAUNCHER]: Found transformer services : [mixin,fml]
[27апр.2026 21:37:20.957] [main/DEBUG] [cpw.mods.modlauncher.TransformationServicesHandler/MODLAUNCHER]: Transformation services loading
[27апр.2026 21:37:20.957] [main/DEBUG] [cpw.mods.modlauncher.TransformationServiceDecorator/MODLAUNCHER]: Loading service mixin
[27апр.2026 21:37:20.958] [main/DEBUG] [cpw.mods.modlauncher.TransformationServiceDecorator/MODLAUNCHER]: Loaded service mixin
[27апр.2026 21:37:20.958] [main/DEBUG] [cpw.mods.modlauncher.TransformationServiceDecorator/MODLAUNCHER]: Loading service fml
[27апр.2026 21:37:20.959] [main/DEBUG] [net.minecraftforge.fml.loading.LauncherVersion/CORE]: Found FMLLauncher version 1.0
[27апр.2026 21:37:20.959] [main/DEBUG] [net.minecraftforge.fml.loading.FMLLoader/CORE]: FML 1.0 loading
[27апр.2026 21:37:20.959] [main/DEBUG] [net.minecraftforge.fml.loading.FMLLoader/CORE]: FML found ModLauncher version : 10.0.9+10.0.9+main.dcd20f30
[27апр.2026 21:37:20.959] [main/DEBUG] [net.minecraftforge.fml.loading.FMLLoader/CORE]: Requesting CoreMods to not apply the fix for ASMAPI.findFirstInstructionBefore by default
[27апр.2026 21:37:20.960] [main/DEBUG] [net.minecraftforge.fml.loading.FMLLoader/CORE]: FML found AccessTransformer version : 8.0.4+66+master.c09db6d7
[27апр.2026 21:37:20.961] [main/DEBUG] [net.minecraftforge.fml.loading.FMLLoader/CORE]: FML found EventBus version : 6.0.5+6.0.5+master.eb8e549b
[27апр.2026 21:37:20.962] [main/DEBUG] [net.minecraftforge.fml.loading.FMLLoader/CORE]: Found Runtime Dist Cleaner
[27апр.2026 21:37:20.963] [main/DEBUG] [net.minecraftforge.coremod.CoreModEngine/]: CoreMods will preserve legacy behavior of ASMAPI.findFirstInstructionBefore for backwards-compatibility
[27апр.2026 21:37:20.964] [main/DEBUG] [net.minecraftforge.fml.loading.FMLLoader/CORE]: FML found CoreMod version : 5.2.4
[27апр.2026 21:37:20.964] [main/DEBUG] [net.minecraftforge.fml.loading.FMLLoader/CORE]: Found ForgeSPI package implementation version 7.0.1+7.0.1+master.d2b38bf6
[27апр.2026 21:37:20.965] [main/DEBUG] [net.minecraftforge.fml.loading.FMLLoader/CORE]: Found ForgeSPI package specification 5
[27апр.2026 21:37:20.965] [main/DEBUG] [cpw.mods.modlauncher.TransformationServiceDecorator/MODLAUNCHER]: Loaded service fml
[27апр.2026 21:37:20.966] [main/DEBUG] [cpw.mods.modlauncher.TransformationServicesHandler/MODLAUNCHER]: Configuring option handling for services
[27апр.2026 21:37:20.971] [main/DEBUG] [cpw.mods.modlauncher.TransformationServicesHandler/MODLAUNCHER]: Transformation services initializing
[27апр.2026 21:37:20.972] [main/DEBUG] [cpw.mods.modlauncher.TransformationServiceDecorator/MODLAUNCHER]: Initializing transformation service mixin
[27апр.2026 21:37:20.985] [main/DEBUG] [mixin/]: MixinService [ModLauncher] was successfully booted in cpw.mods.cl.ModuleClassLoader@3e2e18f2
[27апр.2026 21:37:20.996] [main/INFO] [mixin/]: SpongePowered MIXIN Subsystem Version=0.8.5 Source=union:/C:/Users/GameBox/.gradle/caches/modules-2/files-2.1/org.spongepowered/mixin/0.8.5/9d1c0c3a304ae6697ecd477218fa61b850bf57fc/mixin-0.8.5.jar%23128!/ Service=ModLauncher Env=CLIENT
[27апр.2026 21:37:20.998] [main/DEBUG] [mixin/]: Initialising Mixin Platform Manager
[27апр.2026 21:37:20.998] [main/DEBUG] [mixin/]: Adding mixin platform agents for container ModLauncher Root Container(ModLauncher:4f56a0a2)
[27апр.2026 21:37:21.001] [main/DEBUG] [mixin/]: Instancing new MixinPlatformAgentMinecraftForge for ModLauncher Root Container(ModLauncher:4f56a0a2)
[27апр.2026 21:37:21.001] [main/DEBUG] [mixin/]: MixinPlatformAgentMinecraftForge rejected container ModLauncher Root Container(ModLauncher:4f56a0a2)
[27апр.2026 21:37:21.002] [main/DEBUG] [mixin/]: Instancing new MixinPlatformAgentDefault for ModLauncher Root Container(ModLauncher:4f56a0a2)
[27апр.2026 21:37:21.002] [main/DEBUG] [mixin/]: MixinPlatformAgentDefault accepted container ModLauncher Root Container(ModLauncher:4f56a0a2)
[27апр.2026 21:37:21.005] [main/DEBUG] [cpw.mods.modlauncher.TransformationServiceDecorator/MODLAUNCHER]: Initialized transformation service mixin
[27апр.2026 21:37:21.006] [main/DEBUG] [cpw.mods.modlauncher.TransformationServiceDecorator/MODLAUNCHER]: Initializing transformation service fml
[27апр.2026 21:37:21.006] [main/DEBUG] [net.minecraftforge.fml.loading.FMLServiceProvider/CORE]: Setting up basic FML game directories
[27апр.2026 21:37:21.006] [main/DEBUG] [net.minecraftforge.fml.loading.FMLPaths/CORE]: Path GAMEDIR is C:\Users\GameBox\Documents\programist\minecraft apocalipsis\inventory_expended\inventory_project\run
[27апр.2026 21:37:21.007] [main/DEBUG] [net.minecraftforge.fml.loading.FMLPaths/CORE]: Path MODSDIR is C:\Users\GameBox\Documents\programist\minecraft apocalipsis\inventory_expended\inventory_project\run\mods
[27апр.2026 21:37:21.007] [main/DEBUG] [net.minecraftforge.fml.loading.FMLPaths/CORE]: Path CONFIGDIR is C:\Users\GameBox\Documents\programist\minecraft apocalipsis\inventory_expended\inventory_project\run\config
[27апр.2026 21:37:21.007] [main/DEBUG] [net.minecraftforge.fml.loading.FMLPaths/CORE]: Path FMLCONFIG is C:\Users\GameBox\Documents\programist\minecraft apocalipsis\inventory_expended\inventory_project\run\config\fml.toml
[27апр.2026 21:37:21.007] [main/DEBUG] [net.minecraftforge.fml.loading.FMLServiceProvider/CORE]: Loading configuration
[27апр.2026 21:37:21.009] [main/DEBUG] [net.minecraftforge.fml.loading.FMLServiceProvider/CORE]: Preparing ModFile
[27апр.2026 21:37:21.011] [main/DEBUG] [net.minecraftforge.fml.loading.FMLServiceProvider/CORE]: Preparing launch handler
[27апр.2026 21:37:21.012] [main/DEBUG] [net.minecraftforge.fml.loading.FMLLoader/CORE]: Using forgeclientuserdev as launch service
[27апр.2026 21:37:21.025] [main/DEBUG] [net.minecraftforge.fml.loading.FMLLoader/CORE]: Received command line version data  : VersionInfo[forgeVersion=47.4.10, mcVersion=1.20.1, mcpVersion=20230612.114412, forgeGroup=net.minecraftforge]
[27апр.2026 21:37:21.026] [main/DEBUG] [cpw.mods.modlauncher.TransformationServiceDecorator/MODLAUNCHER]: Initialized transformation service fml
[27апр.2026 21:37:21.026] [main/DEBUG] [cpw.mods.modlauncher.NameMappingServiceHandler/MODLAUNCHER]: Current naming domain is 'mcp'
[27апр.2026 21:37:21.027] [main/DEBUG] [cpw.mods.modlauncher.NameMappingServiceHandler/MODLAUNCHER]: Identified name mapping providers {srg=srgtomcp:1234}
[27апр.2026 21:37:21.027] [main/DEBUG] [cpw.mods.modlauncher.TransformationServicesHandler/MODLAUNCHER]: Transformation services begin scanning
[27апр.2026 21:37:21.028] [main/DEBUG] [cpw.mods.modlauncher.TransformationServiceDecorator/MODLAUNCHER]: Beginning scan trigger - transformation service mixin
[27апр.2026 21:37:21.028] [main/DEBUG] [cpw.mods.modlauncher.TransformationServiceDecorator/MODLAUNCHER]: End scan trigger - transformation service mixin
[27апр.2026 21:37:21.028] [main/DEBUG] [cpw.mods.modlauncher.TransformationServiceDecorator/MODLAUNCHER]: Beginning scan trigger - transformation service fml
[27апр.2026 21:37:21.028] [main/DEBUG] [net.minecraftforge.fml.loading.FMLServiceProvider/CORE]: Initiating mod scan
[27апр.2026 21:37:21.036] [main/DEBUG] [net.minecraftforge.fml.loading.moddiscovery.ModListHandler/CORE]: Found mod coordinates from lists: []
[27апр.2026 21:37:21.038] [main/DEBUG] [net.minecraftforge.fml.loading.moddiscovery.ModDiscoverer/CORE]: Found Mod Locators : (mods folder:null),(maven libs:null),(exploded directory:null),(minecraft:null),(userdev classpath:null)
[27апр.2026 21:37:21.038] [pool-2-thread-1/INFO] [EARLYDISPLAY/]: GL info: NVIDIA GeForce RTX 3070 Ti/PCIe/SSE2 GL version 4.6.0 NVIDIA 595.97, NVIDIA Corporation
[27апр.2026 21:37:21.039] [main/DEBUG] [net.minecraftforge.fml.loading.moddiscovery.ModDiscoverer/CORE]: Found Dependency Locators : (JarInJar:null)
[27апр.2026 21:37:21.046] [main/DEBUG] [net.minecraftforge.fml.loading.targets.CommonLaunchHandler/CORE]: Got mod coordinates inventory%%C:\Users\GameBox\Documents\programist\minecraft apocalipsis\inventory_expended\inventory_project\build\resources\main;inventory%%C:\Users\GameBox\Documents\programist\minecraft apocalipsis\inventory_expended\inventory_project\build\classes\java\main from env
[27апр.2026 21:37:21.047] [main/DEBUG] [net.minecraftforge.fml.loading.targets.CommonLaunchHandler/CORE]: Found supplied mod coordinates [{inventory=[C:\Users\GameBox\Documents\programist\minecraft apocalipsis\inventory_expended\inventory_project\build\resources\main, C:\Users\GameBox\Documents\programist\minecraft apocalipsis\inventory_expended\inventory_project\build\classes\java\main]}]
[27апр.2026 21:37:21.345] [main/DEBUG] [net.minecraftforge.fml.loading.moddiscovery.ModFileInfo/LOADING]: Found valid mod file forge-1.20.1-47.4.10_mapped_official_1.20.1-recomp.jar with {minecraft} mods - versions {1.20.1}
[27апр.2026 21:37:21.348] [main/DEBUG] [net.minecraftforge.fml.loading.moddiscovery.ModFileParser/LOADING]: Considering mod file candidate C:\Users\GameBox\.gradle\caches\modules-2\files-2.1\net.minecraftforge\javafmllanguage\1.20.1-47.4.10\ccc533c7dd67e0983217197d7549c8b49e7ab453\javafmllanguage-1.20.1-47.4.10.jar
[27апр.2026 21:37:21.348] [main/WARN] [net.minecraftforge.fml.loading.moddiscovery.ModFileParser/LOADING]: Mod file C:\Users\GameBox\.gradle\caches\modules-2\files-2.1\net.minecraftforge\javafmllanguage\1.20.1-47.4.10\ccc533c7dd67e0983217197d7549c8b49e7ab453\javafmllanguage-1.20.1-47.4.10.jar is missing mods.toml file
[27апр.2026 21:37:21.350] [main/DEBUG] [net.minecraftforge.fml.loading.moddiscovery.ModFileParser/LOADING]: Considering mod file candidate C:\Users\GameBox\.gradle\caches\modules-2\files-2.1\net.minecraftforge\lowcodelanguage\1.20.1-47.4.10\e9a2879fe3612ea34b9728ec2633304a1e67d480\lowcodelanguage-1.20.1-47.4.10.jar
[27апр.2026 21:37:21.351] [main/WARN] [net.minecraftforge.fml.loading.moddiscovery.ModFileParser/LOADING]: Mod file C:\Users\GameBox\.gradle\caches\modules-2\files-2.1\net.minecraftforge\lowcodelanguage\1.20.1-47.4.10\e9a2879fe3612ea34b9728ec2633304a1e67d480\lowcodelanguage-1.20.1-47.4.10.jar is missing mods.toml file
[27апр.2026 21:37:21.353] [main/DEBUG] [net.minecraftforge.fml.loading.moddiscovery.ModFileParser/LOADING]: Considering mod file candidate C:\Users\GameBox\.gradle\caches\modules-2\files-2.1\net.minecraftforge\mclanguage\1.20.1-47.4.10\ec5cefbbc65c67302b8fac317010faab85fa14b9\mclanguage-1.20.1-47.4.10.jar
[27апр.2026 21:37:21.353] [main/WARN] [net.minecraftforge.fml.loading.moddiscovery.ModFileParser/LOADING]: Mod file C:\Users\GameBox\.gradle\caches\modules-2\files-2.1\net.minecraftforge\mclanguage\1.20.1-47.4.10\ec5cefbbc65c67302b8fac317010faab85fa14b9\mclanguage-1.20.1-47.4.10.jar is missing mods.toml file
[27апр.2026 21:37:21.356] [main/DEBUG] [net.minecraftforge.fml.loading.moddiscovery.ModFileParser/LOADING]: Considering mod file candidate C:\Users\GameBox\.gradle\caches\modules-2\files-2.1\net.minecraftforge\fmlcore\1.20.1-47.4.10\94dae566be650566ea9115a1414ab76bfcf5a804\fmlcore-1.20.1-47.4.10.jar
[27апр.2026 21:37:21.356] [main/WARN] [net.minecraftforge.fml.loading.moddiscovery.ModFileParser/LOADING]: Mod file C:\Users\GameBox\.gradle\caches\modules-2\files-2.1\net.minecraftforge\fmlcore\1.20.1-47.4.10\94dae566be650566ea9115a1414ab76bfcf5a804\fmlcore-1.20.1-47.4.10.jar is missing mods.toml file
[27апр.2026 21:37:21.363] [main/DEBUG] [net.minecraftforge.fml.loading.moddiscovery.ModFileParser/LOADING]: Considering mod file candidate C:\Users\GameBox\Documents\programist\minecraft apocalipsis\inventory_expended\inventory_project\build\resources\main
[27апр.2026 21:37:21.375] [main/DEBUG] [net.minecraftforge.fml.loading.moddiscovery.ModFileInfo/LOADING]: Found valid mod file main with {inventory} mods - versions {1.2.4-SNAPSHOT}
[27апр.2026 21:37:21.377] [main/DEBUG] [net.minecraftforge.fml.loading.moddiscovery.ModFileParser/LOADING]: Considering mod file candidate /
[27апр.2026 21:37:21.379] [main/DEBUG] [net.minecraftforge.fml.loading.moddiscovery.ModFileInfo/LOADING]: Found valid mod file  with {forge} mods - versions {47.4.10}
[27апр.2026 21:37:21.416] [main/DEBUG] [net.minecraftforge.fml.loading.moddiscovery.AbstractJarFileDependencyLocator/]: Failed to load resource META-INF\jarjar\metadata.json from forge-1.20.1-47.4.10_mapped_official_1.20.1-recomp.jar, it does not contain dependency information.
[27апр.2026 21:37:21.416] [main/DEBUG] [net.minecraftforge.fml.loading.moddiscovery.AbstractJarFileDependencyLocator/]: Failed to load resource META-INF\jarjar\metadata.json from , it does not contain dependency information.
[27апр.2026 21:37:21.416] [main/DEBUG] [net.minecraftforge.fml.loading.moddiscovery.AbstractJarFileDependencyLocator/]: Failed to load resource META-INF\jarjar\metadata.json from main, it does not contain dependency information.
[27апр.2026 21:37:21.416] [main/DEBUG] [net.minecraftforge.fml.loading.moddiscovery.AbstractJarFileDependencyLocator/]: Failed to load resource META-INF\jarjar\metadata.json from mclanguage-1.20.1-47.4.10.jar, it does not contain dependency information.
[27апр.2026 21:37:21.418] [main/DEBUG] [net.minecraftforge.fml.loading.moddiscovery.AbstractJarFileDependencyLocator/]: Failed to load resource META-INF\jarjar\metadata.json from javafmllanguage-1.20.1-47.4.10.jar, it does not contain dependency information.
[27апр.2026 21:37:21.418] [main/DEBUG] [net.minecraftforge.fml.loading.moddiscovery.AbstractJarFileDependencyLocator/]: Failed to load resource META-INF\jarjar\metadata.json from fmlcore-1.20.1-47.4.10.jar, it does not contain dependency information.
[27апр.2026 21:37:21.418] [main/DEBUG] [net.minecraftforge.fml.loading.moddiscovery.AbstractJarFileDependencyLocator/]: Failed to load resource META-INF\jarjar\metadata.json from lowcodelanguage-1.20.1-47.4.10.jar, it does not contain dependency information.
[27апр.2026 21:37:21.501] [main/INFO] [net.minecraftforge.fml.loading.moddiscovery.JarInJarDependencyLocator/]: No dependencies to load found. Skipping!
[27апр.2026 21:37:21.504] [main/DEBUG] [net.minecraftforge.fml.loading.moddiscovery.ModFileInfo/LOADING]: Found valid mod file forge-1.20.1-47.4.10_mapped_official_1.20.1-recomp.jar with {minecraft} mods - versions {1.20.1}
[27апр.2026 21:37:21.508] [main/DEBUG] [net.minecraftforge.fml.loading.moddiscovery.ModFile/LOADING]: Loading mod file C:\Users\GameBox\.gradle\caches\forge_gradle\minecraft_user_repo\net\minecraftforge\forge\1.20.1-47.4.10_mapped_official_1.20.1\forge-1.20.1-47.4.10_mapped_official_1.20.1-recomp.jar with languages [LanguageSpec[languageName=minecraft, acceptedVersions=1]]
[27апр.2026 21:37:21.510] [main/DEBUG] [net.minecraftforge.fml.loading.moddiscovery.ModFileParser/LOADING]: Considering mod file candidate /
[27апр.2026 21:37:21.511] [main/DEBUG] [net.minecraftforge.fml.loading.moddiscovery.ModFileInfo/LOADING]: Found valid mod file  with {forge} mods - versions {47.4.10}
[27апр.2026 21:37:21.511] [main/DEBUG] [net.minecraftforge.fml.loading.moddiscovery.ModFile/LOADING]: Loading mod file / with languages [LanguageSpec[languageName=javafml, acceptedVersions=[24,]]]
[27апр.2026 21:37:21.594] [main/DEBUG] [net.minecraftforge.fml.loading.moddiscovery.ModFileParser/LOADING]: Found coremod field_to_method with Javascript path coremods/field_to_method.js
[27апр.2026 21:37:21.595] [main/DEBUG] [net.minecraftforge.fml.loading.moddiscovery.ModFileParser/LOADING]: Found coremod field_to_instanceof with Javascript path coremods/field_to_instanceof.js
[27апр.2026 21:37:21.595] [main/DEBUG] [net.minecraftforge.fml.loading.moddiscovery.ModFileParser/LOADING]: Found coremod add_bouncer_method with Javascript path coremods/add_bouncer_method.js
[27апр.2026 21:37:21.596] [main/DEBUG] [net.minecraftforge.fml.loading.moddiscovery.ModFileParser/LOADING]: Found coremod method_redirector with Javascript path coremods/method_redirector.js
[27апр.2026 21:37:21.596] [main/DEBUG] [net.minecraftforge.fml.loading.moddiscovery.ModFile/LOADING]: Found coremod coremods/field_to_method.js
[27апр.2026 21:37:21.596] [main/DEBUG] [net.minecraftforge.fml.loading.moddiscovery.ModFile/LOADING]: Found coremod coremods/field_to_instanceof.js
[27апр.2026 21:37:21.596] [main/DEBUG] [net.minecraftforge.fml.loading.moddiscovery.ModFile/LOADING]: Found coremod coremods/add_bouncer_method.js
[27апр.2026 21:37:21.596] [main/DEBUG] [net.minecraftforge.fml.loading.moddiscovery.ModFile/LOADING]: Found coremod coremods/method_redirector.js
[27апр.2026 21:37:21.597] [main/DEBUG] [net.minecraftforge.fml.loading.moddiscovery.ModFileParser/LOADING]: Considering mod file candidate C:\Users\GameBox\Documents\programist\minecraft apocalipsis\inventory_expended\inventory_project\build\resources\main
[27апр.2026 21:37:21.599] [main/DEBUG] [net.minecraftforge.fml.loading.moddiscovery.ModFileInfo/LOADING]: Found valid mod file main with {inventory} mods - versions {1.2.4-SNAPSHOT}
[27апр.2026 21:37:21.599] [main/DEBUG] [net.minecraftforge.fml.loading.moddiscovery.ModFile/LOADING]: Loading mod file C:\Users\GameBox\Documents\programist\minecraft apocalipsis\inventory_expended\inventory_project\build\resources\main with languages [LanguageSpec[languageName=javafml, acceptedVersions=[47,)]]
[27апр.2026 21:37:21.602] [main/DEBUG] [cpw.mods.modlauncher.TransformationServiceDecorator/MODLAUNCHER]: End scan trigger - transformation service fml
[27апр.2026 21:37:21.623] [main/DEBUG] [net.minecraftforge.fml.loading.LanguageLoadingProvider/CORE]: Found 3 language providers
[27апр.2026 21:37:21.625] [main/DEBUG] [net.minecraftforge.fml.loading.LanguageLoadingProvider/CORE]: Found language provider minecraft, version 1.0
[27апр.2026 21:37:21.626] [main/DEBUG] [net.minecraftforge.fml.loading.LanguageLoadingProvider/CORE]: Found language provider lowcodefml, version 47
[27апр.2026 21:37:21.626] [main/DEBUG] [net.minecraftforge.fml.loading.LanguageLoadingProvider/CORE]: Found language provider javafml, version 47
[27апр.2026 21:37:21.635] [main/DEBUG] [net.minecraftforge.fml.loading.ModSorter/]: Configured system mods: [minecraft, forge]
[27апр.2026 21:37:21.636] [main/DEBUG] [net.minecraftforge.fml.loading.ModSorter/]: Found system mod: minecraft
[27апр.2026 21:37:21.636] [main/DEBUG] [net.minecraftforge.fml.loading.ModSorter/]: Found system mod: forge
[27апр.2026 21:37:21.643] [main/DEBUG] [net.minecraftforge.fml.loading.ModSorter/LOADING]: Found 2 mod requirements (2 mandatory, 0 optional)
[27апр.2026 21:37:21.644] [main/DEBUG] [net.minecraftforge.fml.loading.ModSorter/LOADING]: Found 0 mod requirements missing (0 mandatory, 0 optional)
[27апр.2026 21:37:21.985] [main/DEBUG] [net.minecraftforge.fml.loading.MCPNamingService/CORE]: Loaded 33222 method mappings from methods.csv
[27апр.2026 21:37:22.011] [main/DEBUG] [net.minecraftforge.fml.loading.MCPNamingService/CORE]: Loaded 31003 field mappings from fields.csv
[27апр.2026 21:37:22.066] [main/DEBUG] [cpw.mods.modlauncher.TransformationServicesHandler/MODLAUNCHER]: Transformation services loading transformers
[27апр.2026 21:37:22.067] [main/DEBUG] [cpw.mods.modlauncher.TransformationServiceDecorator/MODLAUNCHER]: Initializing transformers for transformation service mixin
[27апр.2026 21:37:22.068] [main/DEBUG] [cpw.mods.modlauncher.TransformationServiceDecorator/MODLAUNCHER]: Initialized transformers for transformation service mixin
[27апр.2026 21:37:22.069] [main/DEBUG] [cpw.mods.modlauncher.TransformationServiceDecorator/MODLAUNCHER]: Initializing transformers for transformation service fml
[27апр.2026 21:37:22.069] [main/DEBUG] [net.minecraftforge.fml.loading.FMLServiceProvider/CORE]: Loading coremod transformers
[27апр.2026 21:37:22.069] [main/DEBUG] [net.minecraftforge.coremod.CoreModEngine/COREMOD]: Loading CoreMod from coremods/field_to_method.js
[27апр.2026 21:37:22.325] [main/DEBUG] [net.minecraftforge.coremod.CoreModEngine/COREMOD]: CoreMod loaded successfully
[27апр.2026 21:37:22.325] [main/DEBUG] [net.minecraftforge.coremod.CoreModEngine/COREMOD]: Loading CoreMod from coremods/field_to_instanceof.js
[27апр.2026 21:37:22.428] [main/DEBUG] [net.minecraftforge.coremod.CoreModEngine/COREMOD]: CoreMod loaded successfully
[27апр.2026 21:37:22.429] [main/DEBUG] [net.minecraftforge.coremod.CoreModEngine/COREMOD]: Loading CoreMod from coremods/add_bouncer_method.js
[27апр.2026 21:37:22.467] [main/DEBUG] [net.minecraftforge.coremod.CoreModEngine/COREMOD]: CoreMod loaded successfully
[27апр.2026 21:37:22.467] [main/DEBUG] [net.minecraftforge.coremod.CoreModEngine/COREMOD]: Loading CoreMod from coremods/method_redirector.js
[27апр.2026 21:37:22.526] [main/DEBUG] [net.minecraftforge.coremod.CoreModEngine/COREMOD]: CoreMod loaded successfully
[27апр.2026 21:37:22.545] [main/DEBUG] [cpw.mods.modlauncher.TransformStore/MODLAUNCHER]: Adding transformer net.minecraftforge.coremod.transformer.CoreModClassTransformer@71b639d0 to Target : CLASS {Lnet/minecraft/world/level/biome/Biome;} {} {V}
[27апр.2026 21:37:22.547] [main/DEBUG] [cpw.mods.modlauncher.TransformStore/MODLAUNCHER]: Adding transformer net.minecraftforge.coremod.transformer.CoreModClassTransformer@41b13f3d to Target : CLASS {Lnet/minecraft/world/level/levelgen/structure/Structure;} {} {V}
[27апр.2026 21:37:22.548] [main/DEBUG] [cpw.mods.modlauncher.TransformStore/MODLAUNCHER]: Adding transformer net.minecraftforge.coremod.transformer.CoreModClassTransformer@7c0777b5 to Target : CLASS {Lnet/minecraft/world/effect/MobEffectInstance;} {} {V}
[27апр.2026 21:37:22.548] [main/DEBUG] [cpw.mods.modlauncher.TransformStore/MODLAUNCHER]: Adding transformer net.minecraftforge.coremod.transformer.CoreModClassTransformer@2489e84a to Target : CLASS {Lnet/minecraft/world/level/block/LiquidBlock;} {} {V}
[27апр.2026 21:37:22.548] [main/DEBUG] [cpw.mods.modlauncher.TransformStore/MODLAUNCHER]: Adding transformer net.minecraftforge.coremod.transformer.CoreModClassTransformer@2a39aa2b to Target : CLASS {Lnet/minecraft/world/item/BucketItem;} {} {V}
[27апр.2026 21:37:22.548] [main/DEBUG] [cpw.mods.modlauncher.TransformStore/MODLAUNCHER]: Adding transformer net.minecraftforge.coremod.transformer.CoreModClassTransformer@62b93086 to Target : CLASS {Lnet/minecraft/world/level/block/StairBlock;} {} {V}
[27апр.2026 21:37:22.548] [main/DEBUG] [cpw.mods.modlauncher.TransformStore/MODLAUNCHER]: Adding transformer net.minecraftforge.coremod.transformer.CoreModClassTransformer@254449bb to Target : CLASS {Lnet/minecraft/world/level/block/FlowerPotBlock;} {} {V}
[27апр.2026 21:37:22.548] [main/DEBUG] [cpw.mods.modlauncher.TransformStore/MODLAUNCHER]: Adding transformer net.minecraftforge.coremod.transformer.CoreModClassTransformer@4e642ee1 to Target : CLASS {Lnet/minecraft/world/item/ItemStack;} {} {V}
[27апр.2026 21:37:22.549] [main/DEBUG] [cpw.mods.modlauncher.TransformStore/MODLAUNCHER]: Adding transformer net.minecraftforge.coremod.transformer.CoreModClassTransformer@29ebbdf4 to Target : CLASS {Lnet/minecraft/network/play/client/CClientSettingsPacket;} {} {V}
[27апр.2026 21:37:22.549] [main/DEBUG] [cpw.mods.modlauncher.TransformStore/MODLAUNCHER]: Adding transformer net.minecraftforge.coremod.transformer.CoreModClassTransformer@2fd954f to Target : CLASS {Lnet/minecraft/world/entity/monster/Zombie;} {} {V}
[27апр.2026 21:37:22.549] [main/DEBUG] [cpw.mods.modlauncher.TransformStore/MODLAUNCHER]: Adding transformer net.minecraftforge.coremod.transformer.CoreModClassTransformer@2fd954f to Target : CLASS {Lnet/minecraft/server/commands/SummonCommand;} {} {V}
[27апр.2026 21:37:22.549] [main/DEBUG] [cpw.mods.modlauncher.TransformStore/MODLAUNCHER]: Adding transformer net.minecraftforge.coremod.transformer.CoreModClassTransformer@2fd954f to Target : CLASS {Lnet/minecraft/world/entity/npc/CatSpawner;} {} {V}
[27апр.2026 21:37:22.549] [main/DEBUG] [cpw.mods.modlauncher.TransformStore/MODLAUNCHER]: Adding transformer net.minecraftforge.coremod.transformer.CoreModClassTransformer@2fd954f to Target : CLASS {Lnet/minecraft/world/entity/monster/Strider;} {} {V}
[27апр.2026 21:37:22.549] [main/DEBUG] [cpw.mods.modlauncher.TransformStore/MODLAUNCHER]: Adding transformer net.minecraftforge.coremod.transformer.CoreModClassTransformer@2fd954f to Target : CLASS {Lnet/minecraft/world/entity/monster/Spider;} {} {V}
[27апр.2026 21:37:22.549] [main/DEBUG] [cpw.mods.modlauncher.TransformStore/MODLAUNCHER]: Adding transformer net.minecraftforge.coremod.transformer.CoreModClassTransformer@2fd954f to Target : CLASS {Lnet/minecraft/world/entity/EntityType;} {} {V}
[27апр.2026 21:37:22.549] [main/DEBUG] [cpw.mods.modlauncher.TransformStore/MODLAUNCHER]: Adding transformer net.minecraftforge.coremod.transformer.CoreModClassTransformer@2fd954f to Target : CLASS {Lnet/minecraft/world/entity/animal/horse/SkeletonTrapGoal;} {} {V}
[27апр.2026 21:37:22.549] [main/DEBUG] [cpw.mods.modlauncher.TransformStore/MODLAUNCHER]: Adding transformer net.minecraftforge.coremod.transformer.CoreModClassTransformer@2fd954f to Target : CLASS {Lnet/minecraft/world/level/NaturalSpawner;} {} {V}
[27апр.2026 21:37:22.549] [main/DEBUG] [cpw.mods.modlauncher.TransformStore/MODLAUNCHER]: Adding transformer net.minecraftforge.coremod.transformer.CoreModClassTransformer@2fd954f to Target : CLASS {Lnet/minecraft/world/entity/npc/Villager;} {} {V}
[27апр.2026 21:37:22.549] [main/DEBUG] [cpw.mods.modlauncher.TransformStore/MODLAUNCHER]: Adding transformer net.minecraftforge.coremod.transformer.CoreModClassTransformer@2fd954f to Target : CLASS {Lnet/minecraft/world/level/levelgen/structure/structures/OceanMonumentPieces$OceanMonumentPiece;} {} {V}
[27апр.2026 21:37:22.549] [main/DEBUG] [cpw.mods.modlauncher.TransformStore/MODLAUNCHER]: Adding transformer net.minecraftforge.coremod.transformer.CoreModClassTransformer@2fd954f to Target : CLASS {Lnet/minecraft/world/entity/monster/ZombieVillager;} {} {V}
[27апр.2026 21:37:22.549] [main/DEBUG] [cpw.mods.modlauncher.TransformStore/MODLAUNCHER]: Adding transformer net.minecraftforge.coremod.transformer.CoreModClassTransformer@2fd954f to Target : CLASS {Lnet/minecraft/world/level/levelgen/structure/structures/WoodlandMansionPieces$WoodlandMansionPiece;} {} {V}
[27апр.2026 21:37:22.549] [main/DEBUG] [cpw.mods.modlauncher.TransformStore/MODLAUNCHER]: Adding transformer net.minecraftforge.coremod.transformer.CoreModClassTransformer@2fd954f to Target : CLASS {Lnet/minecraft/world/level/levelgen/PatrolSpawner;} {} {V}
[27апр.2026 21:37:22.549] [main/DEBUG] [cpw.mods.modlauncher.TransformStore/MODLAUNCHER]: Adding transformer net.minecraftforge.coremod.transformer.CoreModClassTransformer@2fd954f to Target : CLASS {Lnet/minecraft/world/level/levelgen/structure/structures/OceanRuinPieces$OceanRuinPiece;} {} {V}
[27апр.2026 21:37:22.549] [main/DEBUG] [cpw.mods.modlauncher.TransformStore/MODLAUNCHER]: Adding transformer net.minecraftforge.coremod.transformer.CoreModClassTransformer@2fd954f to Target : CLASS {Lnet/minecraft/world/entity/ai/village/VillageSiege;} {} {V}
[27апр.2026 21:37:22.549] [main/DEBUG] [cpw.mods.modlauncher.TransformStore/MODLAUNCHER]: Adding transformer net.minecraftforge.coremod.transformer.CoreModClassTransformer@2fd954f to Target : CLASS {Lnet/minecraft/world/level/levelgen/PhantomSpawner;} {} {V}
[27апр.2026 21:37:22.549] [main/DEBUG] [cpw.mods.modlauncher.TransformStore/MODLAUNCHER]: Adding transformer net.minecraftforge.coremod.transformer.CoreModClassTransformer@2fd954f to Target : CLASS {Lnet/minecraft/world/entity/animal/frog/Tadpole;} {} {V}
[27апр.2026 21:37:22.549] [main/DEBUG] [cpw.mods.modlauncher.TransformStore/MODLAUNCHER]: Adding transformer net.minecraftforge.coremod.transformer.CoreModClassTransformer@2fd954f to Target : CLASS {Lnet/minecraft/server/commands/RaidCommand;} {} {V}
[27апр.2026 21:37:22.549] [main/DEBUG] [cpw.mods.modlauncher.TransformStore/MODLAUNCHER]: Adding transformer net.minecraftforge.coremod.transformer.CoreModClassTransformer@2fd954f to Target : CLASS {Lnet/minecraft/world/entity/monster/Evoker$EvokerSummonSpellGoal;} {} {V}
[27апр.2026 21:37:22.549] [main/DEBUG] [cpw.mods.modlauncher.TransformStore/MODLAUNCHER]: Adding transformer net.minecraftforge.coremod.transformer.CoreModClassTransformer@2fd954f to Target : CLASS {Lnet/minecraft/world/level/levelgen/structure/templatesystem/StructureTemplate;} {} {V}
[27апр.2026 21:37:22.549] [main/DEBUG] [cpw.mods.modlauncher.TransformStore/MODLAUNCHER]: Adding transformer net.minecraftforge.coremod.transformer.CoreModClassTransformer@2fd954f to Target : CLASS {Lnet/minecraft/world/level/levelgen/structure/structures/SwampHutPiece;} {} {V}
[27апр.2026 21:37:22.549] [main/DEBUG] [cpw.mods.modlauncher.TransformStore/MODLAUNCHER]: Adding transformer net.minecraftforge.coremod.transformer.CoreModClassTransformer@2fd954f to Target : CLASS {Lnet/minecraft/world/entity/raid/Raid;} {} {V}
[27апр.2026 21:37:22.549] [main/DEBUG] [cpw.mods.modlauncher.TransformationServiceDecorator/MODLAUNCHER]: Initialized transformers for transformation service fml
[27апр.2026 21:37:22.770] [main/DEBUG] [mixin/]: Processing prepare() for PlatformAgent[MixinPlatformAgentDefault:ModLauncher Root Container(ModLauncher:4f56a0a2)]
[27апр.2026 21:37:22.770] [main/DEBUG] [mixin/]: Processing launch tasks for PlatformAgent[MixinPlatformAgentDefault:ModLauncher Root Container(ModLauncher:4f56a0a2)]
[27апр.2026 21:37:22.770] [main/DEBUG] [mixin/]: Adding mixin platform agents for container SecureJarResource(minecraft)
[27апр.2026 21:37:22.770] [main/DEBUG] [mixin/]: Instancing new MixinPlatformAgentMinecraftForge for SecureJarResource(minecraft)
[27апр.2026 21:37:22.771] [main/DEBUG] [mixin/]: MixinPlatformAgentMinecraftForge rejected container SecureJarResource(minecraft)
[27апр.2026 21:37:22.771] [main/DEBUG] [mixin/]: Instancing new MixinPlatformAgentDefault for SecureJarResource(minecraft)
[27апр.2026 21:37:22.771] [main/DEBUG] [mixin/]: MixinPlatformAgentDefault accepted container SecureJarResource(minecraft)
[27апр.2026 21:37:22.771] [main/DEBUG] [mixin/]: Processing prepare() for PlatformAgent[MixinPlatformAgentDefault:SecureJarResource(minecraft)]
[27апр.2026 21:37:22.771] [main/DEBUG] [mixin/]: Adding mixin platform agents for container SecureJarResource(forge)
[27апр.2026 21:37:22.771] [main/DEBUG] [mixin/]: Instancing new MixinPlatformAgentMinecraftForge for SecureJarResource(forge)
[27апр.2026 21:37:22.771] [main/DEBUG] [mixin/]: MixinPlatformAgentMinecraftForge rejected container SecureJarResource(forge)
[27апр.2026 21:37:22.771] [main/DEBUG] [mixin/]: Instancing new MixinPlatformAgentDefault for SecureJarResource(forge)
[27апр.2026 21:37:22.771] [main/DEBUG] [mixin/]: MixinPlatformAgentDefault accepted container SecureJarResource(forge)
[27апр.2026 21:37:22.771] [main/DEBUG] [mixin/]: Processing prepare() for PlatformAgent[MixinPlatformAgentDefault:SecureJarResource(forge)]
[27апр.2026 21:37:22.772] [main/DEBUG] [mixin/]: Adding mixin platform agents for container SecureJarResource(inventory)
[27апр.2026 21:37:22.772] [main/DEBUG] [mixin/]: Instancing new MixinPlatformAgentMinecraftForge for SecureJarResource(inventory)
[27апр.2026 21:37:22.772] [main/DEBUG] [mixin/]: MixinPlatformAgentMinecraftForge rejected container SecureJarResource(inventory)
[27апр.2026 21:37:22.772] [main/DEBUG] [mixin/]: Instancing new MixinPlatformAgentDefault for SecureJarResource(inventory)
[27апр.2026 21:37:22.772] [main/DEBUG] [mixin/]: MixinPlatformAgentDefault accepted container SecureJarResource(inventory)
[27апр.2026 21:37:22.772] [main/DEBUG] [mixin/]: Processing prepare() for PlatformAgent[MixinPlatformAgentDefault:SecureJarResource(inventory)]
[27апр.2026 21:37:22.772] [main/DEBUG] [mixin/]: inject() running with 4 agents
[27апр.2026 21:37:22.772] [main/DEBUG] [mixin/]: Processing inject() for PlatformAgent[MixinPlatformAgentDefault:ModLauncher Root Container(ModLauncher:4f56a0a2)]
[27апр.2026 21:37:22.772] [main/DEBUG] [mixin/]: Processing inject() for PlatformAgent[MixinPlatformAgentDefault:SecureJarResource(minecraft)]
[27апр.2026 21:37:22.772] [main/DEBUG] [mixin/]: Processing inject() for PlatformAgent[MixinPlatformAgentDefault:SecureJarResource(forge)]
[27апр.2026 21:37:22.772] [main/DEBUG] [mixin/]: Processing inject() for PlatformAgent[MixinPlatformAgentDefault:SecureJarResource(inventory)]
[27апр.2026 21:37:22.773] [main/INFO] [cpw.mods.modlauncher.LaunchServiceHandler/MODLAUNCHER]: Launching target 'forgeclientuserdev' with arguments [--version, MOD_DEV, --gameDir, ., --assetsDir, C:\Users\GameBox\.gradle\caches\forge_gradle\assets, --assetIndex, 5]
[27апр.2026 21:37:22.860] [main/DEBUG] [mixin/]: Error cleaning class output directory: .mixin.out
[27апр.2026 21:37:22.863] [main/DEBUG] [mixin/]: Preparing mixins for MixinEnvironment[DEFAULT]
[27апр.2026 21:37:23.187] [main/DEBUG] [io.netty.util.internal.logging.InternalLoggerFactory/]: Using SLF4J as the default logging framework
[27апр.2026 21:37:23.191] [main/DEBUG] [io.netty.util.ResourceLeakDetector/]: -Dio.netty.leakDetection.level: simple
[27апр.2026 21:37:23.192] [main/DEBUG] [io.netty.util.ResourceLeakDetector/]: -Dio.netty.leakDetection.targetRecords: 4
[27апр.2026 21:37:23.315] [main/DEBUG] [oshi.util.FileUtil/]: No oshi.properties file found from ClassLoader cpw.mods.modlauncher.TransformingClassLoader@58c1da09
[27апр.2026 21:37:23.601] [main/DEBUG] [oshi.util.FileUtil/]: No oshi.architecture.properties file found from ClassLoader cpw.mods.modlauncher.TransformingClassLoader@58c1da09
[27апр.2026 21:37:24.012] [pool-4-thread-1/DEBUG] [net.minecraftforge.coremod.transformer.CoreModBaseTransformer/COREMOD]: Transforming net/minecraft/world/entity/EntityType
[27апр.2026 21:37:24.481] [pool-4-thread-1/DEBUG] [net.minecraftforge.coremod.transformer.CoreModBaseTransformer/COREMOD]: Transforming net/minecraft/world/level/block/LiquidBlock
[27апр.2026 21:37:24.507] [pool-4-thread-1/DEBUG] [net.minecraftforge.coremod.transformer.CoreModBaseTransformer/COREMOD]: Transforming net/minecraft/world/level/block/StairBlock
[27апр.2026 21:37:24.566] [pool-4-thread-1/DEBUG] [net.minecraftforge.coremod.transformer.CoreModBaseTransformer/COREMOD]: Transforming net/minecraft/world/level/block/FlowerPotBlock
[27апр.2026 21:37:25.093] [pool-4-thread-1/DEBUG] [net.minecraftforge.coremod.transformer.CoreModBaseTransformer/COREMOD]: Transforming net/minecraft/world/item/ItemStack
[27апр.2026 21:37:25.487] [pool-4-thread-1/DEBUG] [net.minecraftforge.coremod.transformer.CoreModBaseTransformer/COREMOD]: Transforming net/minecraft/world/entity/animal/frog/Tadpole
[27апр.2026 21:37:25.522] [pool-4-thread-1/DEBUG] [net.minecraftforge.coremod.transformer.CoreModBaseTransformer/COREMOD]: Transforming net/minecraft/world/item/BucketItem
[27апр.2026 21:37:26.103] [pool-4-thread-1/DEBUG] [net.minecraftforge.coremod.transformer.CoreModBaseTransformer/COREMOD]: Transforming net/minecraft/world/entity/monster/Spider
[27апр.2026 21:37:26.131] [Datafixer Bootstrap/INFO] [com.mojang.datafixers.DataFixerBuilder/]: 188 Datafixer optimizations took 93 milliseconds
[27апр.2026 21:37:26.170] [pool-4-thread-1/DEBUG] [net.minecraftforge.coremod.transformer.CoreModBaseTransformer/COREMOD]: Transforming net/minecraft/world/entity/monster/Zombie
[27апр.2026 21:37:26.195] [pool-4-thread-1/DEBUG] [net.minecraftforge.coremod.transformer.CoreModBaseTransformer/COREMOD]: Transforming net/minecraft/world/entity/monster/ZombieVillager
[27апр.2026 21:37:26.259] [pool-4-thread-1/DEBUG] [net.minecraftforge.coremod.transformer.CoreModBaseTransformer/COREMOD]: Transforming net/minecraft/world/entity/monster/Evoker$EvokerSummonSpellGoal
[27апр.2026 21:37:26.443] [pool-4-thread-1/DEBUG] [net.minecraftforge.coremod.transformer.CoreModBaseTransformer/COREMOD]: Transforming net/minecraft/world/entity/animal/horse/SkeletonTrapGoal
[27апр.2026 21:37:26.466] [pool-4-thread-1/DEBUG] [net.minecraftforge.coremod.transformer.CoreModBaseTransformer/COREMOD]: Transforming net/minecraft/world/entity/monster/Strider
[27апр.2026 21:37:26.566] [pool-4-thread-1/DEBUG] [net.minecraftforge.coremod.transformer.CoreModBaseTransformer/COREMOD]: Transforming net/minecraft/world/entity/npc/Villager
[27апр.2026 21:37:26.639] [pool-4-thread-1/DEBUG] [net.minecraftforge.coremod.transformer.CoreModBaseTransformer/COREMOD]: Transforming net/minecraft/world/effect/MobEffectInstance
[27апр.2026 21:37:26.962] [pool-4-thread-1/DEBUG] [net.minecraftforge.coremod.transformer.CoreModBaseTransformer/COREMOD]: Transforming net/minecraft/world/level/levelgen/structure/Structure
[27апр.2026 21:37:26.987] [pool-4-thread-1/DEBUG] [net.minecraftforge.coremod.transformer.CoreModBaseTransformer/COREMOD]: Transforming net/minecraft/world/level/levelgen/structure/structures/OceanRuinPieces$OceanRuinPiece
[27апр.2026 21:37:26.996] [pool-4-thread-1/DEBUG] [net.minecraftforge.coremod.transformer.CoreModBaseTransformer/COREMOD]: Transforming net/minecraft/world/level/levelgen/structure/structures/SwampHutPiece
[27апр.2026 21:37:27.009] [pool-4-thread-1/DEBUG] [net.minecraftforge.coremod.transformer.CoreModBaseTransformer/COREMOD]: Transforming net/minecraft/world/level/levelgen/structure/structures/OceanMonumentPieces$OceanMonumentPiece
[27апр.2026 21:37:27.053] [pool-4-thread-1/DEBUG] [net.minecraftforge.coremod.transformer.CoreModBaseTransformer/COREMOD]: Transforming net/minecraft/world/level/levelgen/structure/structures/WoodlandMansionPieces$WoodlandMansionPiece
[27апр.2026 21:37:27.140] [pool-4-thread-1/DEBUG] [net.minecraftforge.coremod.transformer.CoreModBaseTransformer/COREMOD]: Transforming net/minecraft/world/level/biome/Biome
[27апр.2026 21:37:27.268] [pool-4-thread-1/DEBUG] [net.minecraftforge.registries.GameData/REGISTRIES]: Creating vanilla freeze snapshot
[27апр.2026 21:37:27.270] [pool-4-thread-1/DEBUG] [net.minecraftforge.registries.ForgeRegistry/REGISTRIES]: Registry minecraft:block Sync: VANILLA -> ACTIVE
[27апр.2026 21:37:27.276] [pool-4-thread-1/DEBUG] [net.minecraftforge.registries.ForgeRegistry/REGISTRIES]: Registry minecraft:fluid Sync: VANILLA -> ACTIVE
[27апр.2026 21:37:27.276] [pool-4-thread-1/DEBUG] [net.minecraftforge.registries.ForgeRegistry/REGISTRIES]: Registry minecraft:item Sync: VANILLA -> ACTIVE
[27апр.2026 21:37:27.281] [pool-4-thread-1/DEBUG] [net.minecraftforge.registries.ForgeRegistry/REGISTRIES]: Registry minecraft:mob_effect Sync: VANILLA -> ACTIVE
[27апр.2026 21:37:27.281] [pool-4-thread-1/DEBUG] [net.minecraftforge.registries.ForgeRegistry/REGISTRIES]: Registry minecraft:sound_event Sync: VANILLA -> ACTIVE
[27апр.2026 21:37:27.286] [pool-4-thread-1/DEBUG] [net.minecraftforge.registries.ForgeRegistry/REGISTRIES]: Registry minecraft:potion Sync: VANILLA -> ACTIVE
[27апр.2026 21:37:27.287] [pool-4-thread-1/DEBUG] [net.minecraftforge.registries.ForgeRegistry/REGISTRIES]: Registry minecraft:enchantment Sync: VANILLA -> ACTIVE
[27апр.2026 21:37:27.287] [pool-4-thread-1/DEBUG] [net.minecraftforge.registries.ForgeRegistry/REGISTRIES]: Registry minecraft:entity_type Sync: VANILLA -> ACTIVE
[27апр.2026 21:37:27.287] [pool-4-thread-1/DEBUG] [net.minecraftforge.registries.ForgeRegistry/REGISTRIES]: Registry minecraft:block_entity_type Sync: VANILLA -> ACTIVE
[27апр.2026 21:37:27.287] [pool-4-thread-1/DEBUG] [net.minecraftforge.registries.ForgeRegistry/REGISTRIES]: Registry minecraft:particle_type Sync: VANILLA -> ACTIVE
[27апр.2026 21:37:27.288] [pool-4-thread-1/DEBUG] [net.minecraftforge.registries.ForgeRegistry/REGISTRIES]: Registry minecraft:menu Sync: VANILLA -> ACTIVE
[27апр.2026 21:37:27.288] [pool-4-thread-1/DEBUG] [net.minecraftforge.registries.ForgeRegistry/REGISTRIES]: Registry minecraft:painting_variant Sync: VANILLA -> ACTIVE
[27апр.2026 21:37:27.288] [pool-4-thread-1/DEBUG] [net.minecraftforge.registries.ForgeRegistry/REGISTRIES]: Registry minecraft:recipe_type Sync: VANILLA -> ACTIVE
[27апр.2026 21:37:27.288] [pool-4-thread-1/DEBUG] [net.minecraftforge.registries.ForgeRegistry/REGISTRIES]: Registry minecraft:recipe_serializer Sync: VANILLA -> ACTIVE
[27апр.2026 21:37:27.288] [pool-4-thread-1/DEBUG] [net.minecraftforge.registries.ForgeRegistry/REGISTRIES]: Registry minecraft:attribute Sync: VANILLA -> ACTIVE
[27апр.2026 21:37:27.288] [pool-4-thread-1/DEBUG] [net.minecraftforge.registries.ForgeRegistry/REGISTRIES]: Registry minecraft:stat_type Sync: VANILLA -> ACTIVE
[27апр.2026 21:37:27.288] [pool-4-thread-1/DEBUG] [net.minecraftforge.registries.ForgeRegistry/REGISTRIES]: Registry minecraft:command_argument_type Sync: VANILLA -> ACTIVE
[27апр.2026 21:37:27.289] [pool-4-thread-1/DEBUG] [net.minecraftforge.registries.ForgeRegistry/REGISTRIES]: Registry minecraft:villager_profession Sync: VANILLA -> ACTIVE
[27апр.2026 21:37:27.289] [pool-4-thread-1/DEBUG] [net.minecraftforge.registries.ForgeRegistry/REGISTRIES]: Registry minecraft:point_of_interest_type Sync: VANILLA -> ACTIVE
[27апр.2026 21:37:27.291] [pool-4-thread-1/DEBUG] [net.minecraftforge.registries.ForgeRegistry/REGISTRIES]: Registry minecraft:memory_module_type Sync: VANILLA -> ACTIVE
[27апр.2026 21:37:27.291] [pool-4-thread-1/DEBUG] [net.minecraftforge.registries.ForgeRegistry/REGISTRIES]: Registry minecraft:sensor_type Sync: VANILLA -> ACTIVE
[27апр.2026 21:37:27.291] [pool-4-thread-1/DEBUG] [net.minecraftforge.registries.ForgeRegistry/REGISTRIES]: Registry minecraft:schedule Sync: VANILLA -> ACTIVE
[27апр.2026 21:37:27.291] [pool-4-thread-1/DEBUG] [net.minecraftforge.registries.ForgeRegistry/REGISTRIES]: Registry minecraft:activity Sync: VANILLA -> ACTIVE
[27апр.2026 21:37:27.291] [pool-4-thread-1/DEBUG] [net.minecraftforge.registries.ForgeRegistry/REGISTRIES]: Registry minecraft:worldgen/carver Sync: VANILLA -> ACTIVE
[27апр.2026 21:37:27.291] [pool-4-thread-1/DEBUG] [net.minecraftforge.registries.ForgeRegistry/REGISTRIES]: Registry minecraft:worldgen/feature Sync: VANILLA -> ACTIVE
[27апр.2026 21:37:27.291] [pool-4-thread-1/DEBUG] [net.minecraftforge.registries.ForgeRegistry/REGISTRIES]: Registry minecraft:chunk_status Sync: VANILLA -> ACTIVE
[27апр.2026 21:37:27.291] [pool-4-thread-1/DEBUG] [net.minecraftforge.registries.ForgeRegistry/REGISTRIES]: Registry minecraft:worldgen/block_state_provider_type Sync: VANILLA -> ACTIVE
[27апр.2026 21:37:27.291] [pool-4-thread-1/DEBUG] [net.minecraftforge.registries.ForgeRegistry/REGISTRIES]: Registry minecraft:worldgen/foliage_placer_type Sync: VANILLA -> ACTIVE
[27апр.2026 21:37:27.291] [pool-4-thread-1/DEBUG] [net.minecraftforge.registries.ForgeRegistry/REGISTRIES]: Registry minecraft:worldgen/tree_decorator_type Sync: VANILLA -> ACTIVE
[27апр.2026 21:37:27.292] [pool-4-thread-1/DEBUG] [net.minecraftforge.registries.ForgeRegistry/REGISTRIES]: Registry minecraft:worldgen/biome Sync: VANILLA -> ACTIVE
[27апр.2026 21:37:27.295] [pool-4-thread-1/DEBUG] [net.minecraftforge.registries.GameData/REGISTRIES]: Vanilla freeze snapshot created
[27апр.2026 21:37:27.342] [pool-4-thread-1/DEBUG] [io.netty.util.internal.PlatformDependent0/]: -Dio.netty.noUnsafe: false
[27апр.2026 21:37:27.343] [pool-4-thread-1/DEBUG] [io.netty.util.internal.PlatformDependent0/]: Java version: 17
[27апр.2026 21:37:27.344] [pool-4-thread-1/DEBUG] [io.netty.util.internal.PlatformDependent0/]: sun.misc.Unsafe.theUnsafe: available
[27апр.2026 21:37:27.345] [pool-4-thread-1/DEBUG] [io.netty.util.internal.PlatformDependent0/]: sun.misc.Unsafe.copyMemory: available
[27апр.2026 21:37:27.345] [pool-4-thread-1/DEBUG] [io.netty.util.internal.PlatformDependent0/]: sun.misc.Unsafe.storeFence: available
[27апр.2026 21:37:27.345] [pool-4-thread-1/DEBUG] [io.netty.util.internal.PlatformDependent0/]: java.nio.Buffer.address: available
[27апр.2026 21:37:27.346] [pool-4-thread-1/DEBUG] [io.netty.util.internal.PlatformDependent0/]: direct buffer constructor: unavailable
java.lang.UnsupportedOperationException: Reflective setAccessible(true) disabled
	at io.netty.util.internal.ReflectionUtil.trySetAccessible(ReflectionUtil.java:31) ~[netty-common-4.1.82.Final.jar%23151!/:4.1.82.Final]
	at io.netty.util.internal.PlatformDependent0$5.run(PlatformDependent0.java:288) ~[netty-common-4.1.82.Final.jar%23151!/:4.1.82.Final]
	at java.security.AccessController.doPrivileged(AccessController.java:318) ~[?:?]
	at io.netty.util.internal.PlatformDependent0.<clinit>(PlatformDependent0.java:282) ~[netty-common-4.1.82.Final.jar%23151!/:4.1.82.Final]
	at io.netty.util.internal.PlatformDependent.isAndroid(PlatformDependent.java:333) ~[netty-common-4.1.82.Final.jar%23151!/:4.1.82.Final]
	at io.netty.util.internal.PlatformDependent.<clinit>(PlatformDependent.java:88) ~[netty-common-4.1.82.Final.jar%23151!/:4.1.82.Final]
	at io.netty.util.ConstantPool.<init>(ConstantPool.java:34) ~[netty-common-4.1.82.Final.jar%23151!/:4.1.82.Final]
	at io.netty.util.AttributeKey$1.<init>(AttributeKey.java:27) ~[netty-common-4.1.82.Final.jar%23151!/:4.1.82.Final]
	at io.netty.util.AttributeKey.<clinit>(AttributeKey.java:27) ~[netty-common-4.1.82.Final.jar%23151!/:4.1.82.Final]
	at net.minecraftforge.network.NetworkConstants.<clinit>(NetworkConstants.java:34) ~[forge-1.20.1-47.4.10_mapped_official_1.20.1-recomp.jar%23190%23197!/:?]
	at net.minecraftforge.network.NetworkHooks.init(NetworkHooks.java:52) ~[forge-1.20.1-47.4.10_mapped_official_1.20.1-recomp.jar%23190%23197!/:?]
	at net.minecraft.server.Bootstrap.bootStrap(Bootstrap.java:62) ~[forge-1.20.1-47.4.10_mapped_official_1.20.1-recomp.jar%23191!/:?]
	at net.minecraft.client.main.Main.lambda$main$0(Main.java:151) ~[forge-1.20.1-47.4.10_mapped_official_1.20.1-recomp.jar%23191!/:?]
	at java.util.concurrent.Executors$RunnableAdapter.call(Executors.java:539) ~[?:?]
	at java.util.concurrent.FutureTask.run(FutureTask.java:264) ~[?:?]
	at java.util.concurrent.ThreadPoolExecutor.runWorker(ThreadPoolExecutor.java:1136) ~[?:?]
	at java.util.concurrent.ThreadPoolExecutor$Worker.run(ThreadPoolExecutor.java:635) ~[?:?]
	at java.lang.Thread.run(Thread.java:840) ~[?:?]
[27апр.2026 21:37:27.351] [pool-4-thread-1/DEBUG] [io.netty.util.internal.PlatformDependent0/]: java.nio.Bits.unaligned: available, true
[27апр.2026 21:37:27.352] [pool-4-thread-1/DEBUG] [io.netty.util.internal.PlatformDependent0/]: jdk.internal.misc.Unsafe.allocateUninitializedArray(int): unavailable
java.lang.IllegalAccessException: class io.netty.util.internal.PlatformDependent0$7 (in module io.netty.common) cannot access class jdk.internal.misc.Unsafe (in module java.base) because module java.base does not export jdk.internal.misc to module io.netty.common
	at jdk.internal.reflect.Reflection.newIllegalAccessException(Reflection.java:392) ~[?:?]
	at java.lang.reflect.AccessibleObject.checkAccess(AccessibleObject.java:674) ~[?:?]
	at java.lang.reflect.Method.invoke(Method.java:561) ~[?:?]
	at io.netty.util.internal.PlatformDependent0$7.run(PlatformDependent0.java:410) ~[netty-common-4.1.82.Final.jar%23151!/:4.1.82.Final]
	at java.security.AccessController.doPrivileged(AccessController.java:318) ~[?:?]
	at io.netty.util.internal.PlatformDependent0.<clinit>(PlatformDependent0.java:401) ~[netty-common-4.1.82.Final.jar%23151!/:4.1.82.Final]
	at io.netty.util.internal.PlatformDependent.isAndroid(PlatformDependent.java:333) ~[netty-common-4.1.82.Final.jar%23151!/:4.1.82.Final]
	at io.netty.util.internal.PlatformDependent.<clinit>(PlatformDependent.java:88) ~[netty-common-4.1.82.Final.jar%23151!/:4.1.82.Final]
	at io.netty.util.ConstantPool.<init>(ConstantPool.java:34) ~[netty-common-4.1.82.Final.jar%23151!/:4.1.82.Final]
	at io.netty.util.AttributeKey$1.<init>(AttributeKey.java:27) ~[netty-common-4.1.82.Final.jar%23151!/:4.1.82.Final]
	at io.netty.util.AttributeKey.<clinit>(AttributeKey.java:27) ~[netty-common-4.1.82.Final.jar%23151!/:4.1.82.Final]
	at net.minecraftforge.network.NetworkConstants.<clinit>(NetworkConstants.java:34) ~[forge-1.20.1-47.4.10_mapped_official_1.20.1-recomp.jar%23190%23197!/:?]
	at net.minecraftforge.network.NetworkHooks.init(NetworkHooks.java:52) ~[forge-1.20.1-47.4.10_mapped_official_1.20.1-recomp.jar%23190%23197!/:?]
	at net.minecraft.server.Bootstrap.bootStrap(Bootstrap.java:62) ~[forge-1.20.1-47.4.10_mapped_official_1.20.1-recomp.jar%23191!/:?]
	at net.minecraft.client.main.Main.lambda$main$0(Main.java:151) ~[forge-1.20.1-47.4.10_mapped_official_1.20.1-recomp.jar%23191!/:?]
	at java.util.concurrent.Executors$RunnableAdapter.call(Executors.java:539) ~[?:?]
	at java.util.concurrent.FutureTask.run(FutureTask.java:264) ~[?:?]
	at java.util.concurrent.ThreadPoolExecutor.runWorker(ThreadPoolExecutor.java:1136) ~[?:?]
	at java.util.concurrent.ThreadPoolExecutor$Worker.run(ThreadPoolExecutor.java:635) ~[?:?]
	at java.lang.Thread.run(Thread.java:840) ~[?:?]
[27апр.2026 21:37:27.353] [pool-4-thread-1/DEBUG] [io.netty.util.internal.PlatformDependent0/]: java.nio.DirectByteBuffer.<init>(long, int): unavailable
[27апр.2026 21:37:27.353] [pool-4-thread-1/DEBUG] [io.netty.util.internal.PlatformDependent/]: sun.misc.Unsafe: available
[27апр.2026 21:37:27.353] [pool-4-thread-1/DEBUG] [io.netty.util.internal.PlatformDependent/]: maxDirectMemory: 8543797248 bytes (maybe)
[27апр.2026 21:37:27.353] [pool-4-thread-1/DEBUG] [io.netty.util.internal.PlatformDependent/]: -Dio.netty.tmpdir: C:\Users\GameBox\AppData\Local\Temp (java.io.tmpdir)
[27апр.2026 21:37:27.353] [pool-4-thread-1/DEBUG] [io.netty.util.internal.PlatformDependent/]: -Dio.netty.bitMode: 64 (sun.arch.data.model)
[27апр.2026 21:37:27.353] [pool-4-thread-1/DEBUG] [io.netty.util.internal.PlatformDependent/]: Platform: Windows
[27апр.2026 21:37:27.354] [pool-4-thread-1/DEBUG] [io.netty.util.internal.PlatformDependent/]: -Dio.netty.maxDirectMemory: -1 bytes
[27апр.2026 21:37:27.354] [pool-4-thread-1/DEBUG] [io.netty.util.internal.PlatformDependent/]: -Dio.netty.uninitializedArrayAllocationThreshold: -1
[27апр.2026 21:37:27.356] [pool-4-thread-1/DEBUG] [io.netty.util.internal.CleanerJava9/]: java.nio.ByteBuffer.cleaner(): available
[27апр.2026 21:37:27.356] [pool-4-thread-1/DEBUG] [io.netty.util.internal.PlatformDependent/]: -Dio.netty.noPreferDirect: false
[27апр.2026 21:37:27.407] [pool-4-thread-1/DEBUG] [net.minecraftforge.network.NetworkHooks/]: Loading Network data for FML net version: FML3
[27апр.2026 21:37:27.625] [Render thread/WARN] [net.minecraft.server.packs.VanillaPackResourcesBuilder/]: Assets URL 'union:/C:/Users/GameBox/.gradle/caches/forge_gradle/minecraft_user_repo/net/minecraftforge/forge/1.20.1-47.4.10_mapped_official_1.20.1/forge-1.20.1-47.4.10_mapped_official_1.20.1-recomp.jar%23191!/assets/.mcassetsroot' uses unexpected schema
[27апр.2026 21:37:27.626] [Render thread/WARN] [net.minecraft.server.packs.VanillaPackResourcesBuilder/]: Assets URL 'union:/C:/Users/GameBox/.gradle/caches/forge_gradle/minecraft_user_repo/net/minecraftforge/forge/1.20.1-47.4.10_mapped_official_1.20.1/forge-1.20.1-47.4.10_mapped_official_1.20.1-recomp.jar%23191!/data/.mcassetsroot' uses unexpected schema
[27апр.2026 21:37:27.661] [Render thread/INFO] [com.mojang.authlib.yggdrasil.YggdrasilAuthenticationService/]: Environment: authHost='https://authserver.mojang.com', accountsHost='https://api.mojang.com', sessionHost='https://sessionserver.mojang.com', servicesHost='https://api.minecraftservices.com', name='PROD'
[27апр.2026 21:37:27.675] [Render thread/INFO] [net.minecraft.client.Minecraft/]: Setting user: Dev
[27апр.2026 21:37:27.751] [Render thread/INFO] [net.minecraft.client.Minecraft/]: Backend library: LWJGL version 3.3.1 build 7
[27апр.2026 21:37:27.896] [Render thread/DEBUG] [net.minecraftforge.common.ForgeI18n/CORE]: Loading I18N data entries: 6434
[27апр.2026 21:37:27.914] [Render thread/DEBUG] [net.minecraftforge.fml.ModWorkManager/LOADING]: Using 20 threads for parallel mod-loading
[27апр.2026 21:37:27.920] [Render thread/DEBUG] [net.minecraftforge.fml.javafmlmod.FMLJavaModLanguageProvider/LOADING]: Loading FMLModContainer from classloader cpw.mods.modlauncher.TransformingClassLoader@58c1da09 - got cpw.mods.cl.ModuleClassLoader@460b6d54
[27апр.2026 21:37:27.921] [Render thread/DEBUG] [net.minecraftforge.fml.javafmlmod.FMLModContainer/LOADING]: Creating FMLModContainer instance for net.minecraftforge.common.ForgeMod
[27апр.2026 21:37:27.924] [Render thread/DEBUG] [net.minecraftforge.fml.javafmlmod.FMLJavaModLanguageProvider/LOADING]: Loading FMLModContainer from classloader cpw.mods.modlauncher.TransformingClassLoader@58c1da09 - got cpw.mods.cl.ModuleClassLoader@460b6d54
[27апр.2026 21:37:27.924] [Render thread/DEBUG] [net.minecraftforge.fml.javafmlmod.FMLModContainer/LOADING]: Creating FMLModContainer instance for org.inventory.inventory.Inventory
[27апр.2026 21:37:27.952] [modloading-worker-0/DEBUG] [net.minecraftforge.versions.forge.ForgeVersion/CORE]: Forge Version package package net.minecraftforge.versions.forge, Forge, version 47.4 from cpw.mods.modlauncher.TransformingClassLoader@58c1da09
[27апр.2026 21:37:27.952] [modloading-worker-0/DEBUG] [net.minecraftforge.versions.forge.ForgeVersion/CORE]: Found Forge version 47.4.10
[27апр.2026 21:37:27.952] [modloading-worker-0/DEBUG] [net.minecraftforge.versions.forge.ForgeVersion/CORE]: Found Forge spec 47.4
[27апр.2026 21:37:27.952] [modloading-worker-0/DEBUG] [net.minecraftforge.versions.forge.ForgeVersion/CORE]: Found Forge group net.minecraftforge
[27апр.2026 21:37:27.953] [modloading-worker-0/DEBUG] [net.minecraftforge.versions.mcp.MCPVersion/CORE]: MCP Version package package net.minecraftforge.versions.mcp, Minecraft, version 1.20.1 from cpw.mods.modlauncher.TransformingClassLoader@58c1da09
[27апр.2026 21:37:27.953] [modloading-worker-0/DEBUG] [net.minecraftforge.versions.mcp.MCPVersion/CORE]: Found MC version information 1.20.1
[27апр.2026 21:37:27.953] [modloading-worker-0/DEBUG] [net.minecraftforge.versions.mcp.MCPVersion/CORE]: Found MCP version information 20230612.114412
[27апр.2026 21:37:27.953] [modloading-worker-0/INFO] [net.minecraftforge.common.ForgeMod/FORGEMOD]: Forge mod loading, version 47.4.10, for MC 1.20.1 with MCP 20230612.114412
[27апр.2026 21:37:27.956] [modloading-worker-0/INFO] [net.minecraftforge.common.MinecraftForge/FORGE]: MinecraftForge v47.4.10 Initialized
[27апр.2026 21:37:28.000] [modloading-worker-0/DEBUG] [net.minecraftforge.fml.config.ConfigTracker/CONFIG]: Config file inventory-common.toml for inventory tracking
[27апр.2026 21:37:28.013] [modloading-worker-0/DEBUG] [net.minecraftforge.fml.javafmlmod.AutomaticEventSubscriber/LOADING]: Attempting to inject @EventBusSubscriber classes into the eventbus for inventory
[27апр.2026 21:37:28.014] [modloading-worker-0/DEBUG] [net.minecraftforge.fml.config.ConfigTracker/CONFIG]: Config file forge-client.toml for forge tracking
[27апр.2026 21:37:28.014] [modloading-worker-0/DEBUG] [net.minecraftforge.fml.config.ConfigTracker/CONFIG]: Config file forge-server.toml for forge tracking
[27апр.2026 21:37:28.014] [modloading-worker-0/DEBUG] [net.minecraftforge.fml.ModLoadingContext/]: Attempted to register an empty config for type COMMON on mod forge
[27апр.2026 21:37:28.015] [modloading-worker-0/DEBUG] [net.minecraftforge.fml.javafmlmod.AutomaticEventSubscriber/LOADING]: Auto-subscribing org.inventory.inventory.capability.LoadoutCapability to FORGE
[27апр.2026 21:37:28.024] [modloading-worker-0/DEBUG] [net.minecraftforge.fml.javafmlmod.AutomaticEventSubscriber/LOADING]: Auto-subscribing org.inventory.inventory.client.renderer.ClientArmorRenderHandler to MOD
[27апр.2026 21:37:28.030] [modloading-worker-0/DEBUG] [net.minecraftforge.fml.javafmlmod.AutomaticEventSubscriber/LOADING]: Auto-subscribing org.inventory.inventory.Config to MOD
[27апр.2026 21:37:28.032] [modloading-worker-0/DEBUG] [net.minecraftforge.fml.javafmlmod.AutomaticEventSubscriber/LOADING]: Auto-subscribing org.inventory.inventory.event.ClientEventHandler to FORGE
[27апр.2026 21:37:28.035] [modloading-worker-0/DEBUG] [net.minecraftforge.fml.javafmlmod.AutomaticEventSubscriber/LOADING]: Auto-subscribing org.inventory.inventory.event.ServerEventHandler to FORGE
[27апр.2026 21:37:28.048] [modloading-worker-0/DEBUG] [net.minecraftforge.fml.javafmlmod.AutomaticEventSubscriber/LOADING]: Auto-subscribing org.inventory.inventory.Inventory$ClientModEvents to MOD
[27апр.2026 21:37:28.048] [modloading-worker-0/DEBUG] [net.minecraftforge.fml.javafmlmod.AutomaticEventSubscriber/LOADING]: Attempting to inject @EventBusSubscriber classes into the eventbus for forge
[27апр.2026 21:37:28.048] [modloading-worker-0/DEBUG] [net.minecraftforge.fml.javafmlmod.AutomaticEventSubscriber/LOADING]: Auto-subscribing net.minecraftforge.common.ForgeSpawnEggItem$CommonHandler to MOD
[27апр.2026 21:37:28.052] [modloading-worker-0/DEBUG] [net.minecraftforge.fml.javafmlmod.AutomaticEventSubscriber/LOADING]: Auto-subscribing net.minecraftforge.common.ForgeSpawnEggItem$ColorRegisterHandler to MOD
[27апр.2026 21:37:28.062] [modloading-worker-0/DEBUG] [net.minecraftforge.fml.javafmlmod.AutomaticEventSubscriber/LOADING]: Auto-subscribing net.minecraftforge.client.model.data.ModelDataManager to FORGE
[27апр.2026 21:37:28.066] [modloading-worker-0/DEBUG] [net.minecraftforge.fml.javafmlmod.AutomaticEventSubscriber/LOADING]: Auto-subscribing net.minecraftforge.client.ForgeHooksClient$ClientEvents to MOD
[27апр.2026 21:37:28.085] [modloading-worker-0/DEBUG] [net.minecraftforge.fml.javafmlmod.AutomaticEventSubscriber/LOADING]: Auto-subscribing net.minecraftforge.client.ClientForgeMod to MOD
[27апр.2026 21:37:28.104] [Render thread/DEBUG] [net.minecraftforge.registries.ObjectHolderRegistry/REGISTRIES]: Processing ObjectHolder annotations
[27апр.2026 21:37:28.116] [Render thread/DEBUG] [net.minecraftforge.registries.ObjectHolderRegistry/REGISTRIES]: Found 3889 ObjectHolder annotations
[27апр.2026 21:37:28.118] [Render thread/DEBUG] [net.minecraftforge.common.capabilities.CapabilityManager/CAPABILITIES]: Attempting to automatically register: Lnet/minecraftforge/energy/IEnergyStorage;
[27апр.2026 21:37:28.119] [Render thread/DEBUG] [net.minecraftforge.common.capabilities.CapabilityManager/CAPABILITIES]: Attempting to automatically register: Lnet/minecraftforge/fluids/capability/IFluidHandler;
[27апр.2026 21:37:28.119] [Render thread/DEBUG] [net.minecraftforge.common.capabilities.CapabilityManager/CAPABILITIES]: Attempting to automatically register: Lnet/minecraftforge/fluids/capability/IFluidHandlerItem;
[27апр.2026 21:37:28.119] [Render thread/DEBUG] [net.minecraftforge.common.capabilities.CapabilityManager/CAPABILITIES]: Attempting to automatically register: Lnet/minecraftforge/items/IItemHandler;
[27апр.2026 21:37:28.120] [Render thread/DEBUG] [net.minecraftforge.registries.GameData/REGISTRIES]: Unfreezing vanilla registries
[27апр.2026 21:37:28.121] [Render thread/DEBUG] [net.minecraftforge.registries.GameData/REGISTRIES]: Applying holder lookups: minecraft:sound_event
[27апр.2026 21:37:28.124] [Render thread/DEBUG] [net.minecraftforge.registries.GameData/REGISTRIES]: Holder lookups applied: minecraft:sound_event
[27апр.2026 21:37:28.124] [Render thread/DEBUG] [net.minecraftforge.registries.GameData/REGISTRIES]: Applying holder lookups: minecraft:fluid
[27апр.2026 21:37:28.124] [Render thread/DEBUG] [net.minecraftforge.registries.GameData/REGISTRIES]: Holder lookups applied: minecraft:fluid
[27апр.2026 21:37:28.125] [Render thread/DEBUG] [net.minecraftforge.registries.GameData/REGISTRIES]: Applying holder lookups: minecraft:block
[27апр.2026 21:37:28.126] [Render thread/DEBUG] [net.minecraftforge.registries.GameData/REGISTRIES]: Holder lookups applied: minecraft:block
[27апр.2026 21:37:28.126] [Render thread/DEBUG] [net.minecraftforge.registries.GameData/REGISTRIES]: Applying holder lookups: minecraft:attribute
[27апр.2026 21:37:28.126] [Render thread/DEBUG] [net.minecraftforge.registries.GameData/REGISTRIES]: Holder lookups applied: minecraft:attribute
[27апр.2026 21:37:28.126] [Render thread/DEBUG] [net.minecraftforge.registries.GameData/REGISTRIES]: Applying holder lookups: minecraft:mob_effect
[27апр.2026 21:37:28.127] [Render thread/DEBUG] [net.minecraftforge.registries.GameData/REGISTRIES]: Holder lookups applied: minecraft:mob_effect
[27апр.2026 21:37:28.127] [Render thread/DEBUG] [net.minecraftforge.registries.GameData/REGISTRIES]: Applying holder lookups: minecraft:particle_type
[27апр.2026 21:37:28.127] [Render thread/DEBUG] [net.minecraftforge.registries.GameData/REGISTRIES]: Holder lookups applied: minecraft:particle_type
[27апр.2026 21:37:28.128] [Render thread/DEBUG] [net.minecraftforge.registries.GameData/REGISTRIES]: Applying holder lookups: minecraft:item
[27апр.2026 21:37:28.130] [Render thread/DEBUG] [net.minecraftforge.registries.GameData/REGISTRIES]: Holder lookups applied: minecraft:item
[27апр.2026 21:37:28.130] [Render thread/DEBUG] [net.minecraftforge.registries.GameData/REGISTRIES]: Applying holder lookups: minecraft:entity_type
[27апр.2026 21:37:28.130] [Render thread/DEBUG] [net.minecraftforge.registries.GameData/REGISTRIES]: Holder lookups applied: minecraft:entity_type
[27апр.2026 21:37:28.130] [Render thread/DEBUG] [net.minecraftforge.registries.GameData/REGISTRIES]: Applying holder lookups: minecraft:sensor_type
[27апр.2026 21:37:28.130] [Render thread/DEBUG] [net.minecraftforge.registries.GameData/REGISTRIES]: Holder lookups applied: minecraft:sensor_type
[27апр.2026 21:37:28.130] [Render thread/DEBUG] [net.minecraftforge.registries.GameData/REGISTRIES]: Applying holder lookups: minecraft:memory_module_type
[27апр.2026 21:37:28.130] [Render thread/DEBUG] [net.minecraftforge.registries.GameData/REGISTRIES]: Holder lookups applied: minecraft:memory_module_type
[27апр.2026 21:37:28.130] [Render thread/DEBUG] [net.minecraftforge.registries.GameData/REGISTRIES]: Applying holder lookups: minecraft:potion
[27апр.2026 21:37:28.130] [Render thread/DEBUG] [net.minecraftforge.registries.GameData/REGISTRIES]: Holder lookups applied: minecraft:potion
[27апр.2026 21:37:28.130] [Render thread/DEBUG] [net.minecraftforge.registries.GameData/REGISTRIES]: Applying holder lookups: minecraft:game_event
[27апр.2026 21:37:28.130] [Render thread/DEBUG] [net.minecraftforge.registries.GameData/REGISTRIES]: Holder lookups applied: minecraft:game_event
[27апр.2026 21:37:28.131] [Render thread/DEBUG] [net.minecraftforge.registries.GameData/REGISTRIES]: Applying holder lookups: minecraft:enchantment
[27апр.2026 21:37:28.131] [Render thread/DEBUG] [net.minecraftforge.registries.GameData/REGISTRIES]: Holder lookups applied: minecraft:enchantment
[27апр.2026 21:37:28.131] [Render thread/DEBUG] [net.minecraftforge.registries.GameData/REGISTRIES]: Applying holder lookups: minecraft:block_entity_type
[27апр.2026 21:37:28.131] [Render thread/DEBUG] [net.minecraftforge.registries.GameData/REGISTRIES]: Holder lookups applied: minecraft:block_entity_type
[27апр.2026 21:37:28.132] [Render thread/DEBUG] [net.minecraftforge.registries.GameData/REGISTRIES]: Applying holder lookups: minecraft:painting_variant
[27апр.2026 21:37:28.132] [Render thread/DEBUG] [net.minecraftforge.registries.GameData/REGISTRIES]: Holder lookups applied: minecraft:painting_variant
[27апр.2026 21:37:28.132] [Render thread/DEBUG] [net.minecraftforge.registries.GameData/REGISTRIES]: Applying holder lookups: minecraft:stat_type
[27апр.2026 21:37:28.132] [Render thread/DEBUG] [net.minecraftforge.registries.GameData/REGISTRIES]: Holder lookups applied: minecraft:stat_type
[27апр.2026 21:37:28.132] [Render thread/DEBUG] [net.minecraftforge.registries.GameData/REGISTRIES]: Applying holder lookups: minecraft:custom_stat
[27апр.2026 21:37:28.132] [Render thread/DEBUG] [net.minecraftforge.registries.GameData/REGISTRIES]: Holder lookups applied: minecraft:custom_stat
[27апр.2026 21:37:28.132] [Render thread/DEBUG] [net.minecraftforge.registries.GameData/REGISTRIES]: Applying holder lookups: minecraft:chunk_status
[27апр.2026 21:37:28.133] [Render thread/DEBUG] [net.minecraftforge.registries.GameData/REGISTRIES]: Holder lookups applied: minecraft:chunk_status
[27апр.2026 21:37:28.133] [Render thread/DEBUG] [net.minecraftforge.registries.GameData/REGISTRIES]: Applying holder lookups: minecraft:rule_test
[27апр.2026 21:37:28.133] [Render thread/DEBUG] [net.minecraftforge.registries.GameData/REGISTRIES]: Holder lookups applied: minecraft:rule_test
[27апр.2026 21:37:28.133] [Render thread/DEBUG] [net.minecraftforge.registries.GameData/REGISTRIES]: Applying holder lookups: minecraft:rule_block_entity_modifier
[27апр.2026 21:37:28.133] [Render thread/DEBUG] [net.minecraftforge.registries.GameData/REGISTRIES]: Holder lookups applied: minecraft:rule_block_entity_modifier
[27апр.2026 21:37:28.133] [Render thread/DEBUG] [net.minecraftforge.registries.GameData/REGISTRIES]: Applying holder lookups: minecraft:pos_rule_test
[27апр.2026 21:37:28.133] [Render thread/DEBUG] [net.minecraftforge.registries.GameData/REGISTRIES]: Holder lookups applied: minecraft:pos_rule_test
[27апр.2026 21:37:28.139] [Render thread/DEBUG] [net.minecraftforge.registries.GameData/REGISTRIES]: Applying holder lookups: minecraft:menu
[27апр.2026 21:37:28.139] [Render thread/DEBUG] [net.minecraftforge.registries.GameData/REGISTRIES]: Holder lookups applied: minecraft:menu
[27апр.2026 21:37:28.139] [Render thread/DEBUG] [net.minecraftforge.registries.GameData/REGISTRIES]: Applying holder lookups: minecraft:recipe_type
[27апр.2026 21:37:28.140] [Render thread/DEBUG] [net.minecraftforge.registries.GameData/REGISTRIES]: Holder lookups applied: minecraft:recipe_type
[27апр.2026 21:37:28.158] [Render thread/DEBUG] [net.minecraftforge.registries.GameData/REGISTRIES]: Applying holder lookups: minecraft:recipe_serializer
[27апр.2026 21:37:28.158] [Render thread/DEBUG] [net.minecraftforge.registries.GameData/REGISTRIES]: Holder lookups applied: minecraft:recipe_serializer
[27апр.2026 21:37:28.158] [Render thread/DEBUG] [net.minecraftforge.registries.GameData/REGISTRIES]: Applying holder lookups: minecraft:position_source_type
[27апр.2026 21:37:28.159] [Render thread/DEBUG] [net.minecraftforge.registries.GameData/REGISTRIES]: Holder lookups applied: minecraft:position_source_type
[27апр.2026 21:37:28.161] [Render thread/DEBUG] [net.minecraftforge.registries.GameData/REGISTRIES]: Applying holder lookups: minecraft:command_argument_type
[27апр.2026 21:37:28.162] [Render thread/DEBUG] [net.minecraftforge.registries.GameData/REGISTRIES]: Holder lookups applied: minecraft:command_argument_type
[27апр.2026 21:37:28.162] [Render thread/DEBUG] [net.minecraftforge.registries.GameData/REGISTRIES]: Applying holder lookups: minecraft:villager_type
[27апр.2026 21:37:28.162] [Render thread/DEBUG] [net.minecraftforge.registries.GameData/REGISTRIES]: Holder lookups applied: minecraft:villager_type
[27апр.2026 21:37:28.162] [Render thread/DEBUG] [net.minecraftforge.registries.GameData/REGISTRIES]: Applying holder lookups: minecraft:villager_profession
[27апр.2026 21:37:28.162] [Render thread/DEBUG] [net.minecraftforge.registries.GameData/REGISTRIES]: Holder lookups applied: minecraft:villager_profession
[27апр.2026 21:37:28.162] [Render thread/DEBUG] [net.minecraftforge.registries.GameData/REGISTRIES]: Applying holder lookups: minecraft:point_of_interest_type
[27апр.2026 21:37:28.162] [Render thread/DEBUG] [net.minecraftforge.registries.GameData/REGISTRIES]: Holder lookups applied: minecraft:point_of_interest_type
[27апр.2026 21:37:28.163] [Render thread/DEBUG] [net.minecraftforge.registries.GameData/REGISTRIES]: Applying holder lookups: minecraft:schedule
[27апр.2026 21:37:28.163] [Render thread/DEBUG] [net.minecraftforge.registries.GameData/REGISTRIES]: Holder lookups applied: minecraft:schedule
[27апр.2026 21:37:28.163] [Render thread/DEBUG] [net.minecraftforge.registries.GameData/REGISTRIES]: Applying holder lookups: minecraft:activity
[27апр.2026 21:37:28.163] [Render thread/DEBUG] [net.minecraftforge.registries.GameData/REGISTRIES]: Holder lookups applied: minecraft:activity
[27апр.2026 21:37:28.164] [Render thread/DEBUG] [net.minecraftforge.registries.GameData/REGISTRIES]: Applying holder lookups: minecraft:loot_pool_entry_type
[27апр.2026 21:37:28.164] [Render thread/DEBUG] [net.minecraftforge.registries.GameData/REGISTRIES]: Holder lookups applied: minecraft:loot_pool_entry_type
[27апр.2026 21:37:28.164] [Render thread/DEBUG] [net.minecraftforge.registries.GameData/REGISTRIES]: Applying holder lookups: minecraft:loot_function_type
[27апр.2026 21:37:28.164] [Render thread/DEBUG] [net.minecraftforge.registries.GameData/REGISTRIES]: Holder lookups applied: minecraft:loot_function_type
[27апр.2026 21:37:28.167] [Render thread/DEBUG] [net.minecraftforge.registries.GameData/REGISTRIES]: Applying holder lookups: minecraft:loot_condition_type
[27апр.2026 21:37:28.167] [Render thread/DEBUG] [net.minecraftforge.registries.GameData/REGISTRIES]: Holder lookups applied: minecraft:loot_condition_type
[27апр.2026 21:37:28.167] [Render thread/DEBUG] [net.minecraftforge.registries.GameData/REGISTRIES]: Applying holder lookups: minecraft:loot_number_provider_type
[27апр.2026 21:37:28.168] [Render thread/DEBUG] [net.minecraftforge.registries.GameData/REGISTRIES]: Holder lookups applied: minecraft:loot_number_provider_type
[27апр.2026 21:37:28.168] [Render thread/DEBUG] [net.minecraftforge.registries.GameData/REGISTRIES]: Applying holder lookups: minecraft:loot_nbt_provider_type
[27апр.2026 21:37:28.168] [Render thread/DEBUG] [net.minecraftforge.registries.GameData/REGISTRIES]: Holder lookups applied: minecraft:loot_nbt_provider_type
[27апр.2026 21:37:28.168] [Render thread/DEBUG] [net.minecraftforge.registries.GameData/REGISTRIES]: Applying holder lookups: minecraft:loot_score_provider_type
[27апр.2026 21:37:28.168] [Render thread/DEBUG] [net.minecraftforge.registries.GameData/REGISTRIES]: Holder lookups applied: minecraft:loot_score_provider_type
[27апр.2026 21:37:28.168] [Render thread/DEBUG] [net.minecraftforge.registries.GameData/REGISTRIES]: Applying holder lookups: minecraft:float_provider_type
[27апр.2026 21:37:28.168] [Render thread/DEBUG] [net.minecraftforge.registries.GameData/REGISTRIES]: Holder lookups applied: minecraft:float_provider_type
[27апр.2026 21:37:28.169] [Render thread/DEBUG] [net.minecraftforge.registries.GameData/REGISTRIES]: Applying holder lookups: minecraft:int_provider_type
[27апр.2026 21:37:28.169] [Render thread/DEBUG] [net.minecraftforge.registries.GameData/REGISTRIES]: Holder lookups applied: minecraft:int_provider_type
[27апр.2026 21:37:28.169] [Render thread/DEBUG] [net.minecraftforge.registries.GameData/REGISTRIES]: Applying holder lookups: minecraft:height_provider_type
[27апр.2026 21:37:28.169] [Render thread/DEBUG] [net.minecraftforge.registries.GameData/REGISTRIES]: Holder lookups applied: minecraft:height_provider_type
[27апр.2026 21:37:28.170] [Render thread/DEBUG] [net.minecraftforge.registries.GameData/REGISTRIES]: Applying holder lookups: minecraft:block_predicate_type
[27апр.2026 21:37:28.170] [Render thread/DEBUG] [net.minecraftforge.registries.GameData/REGISTRIES]: Holder lookups applied: minecraft:block_predicate_type
[27апр.2026 21:37:28.170] [Render thread/DEBUG] [net.minecraftforge.registries.GameData/REGISTRIES]: Applying holder lookups: minecraft:worldgen/carver
[27апр.2026 21:37:28.170] [Render thread/DEBUG] [net.minecraftforge.registries.GameData/REGISTRIES]: Holder lookups applied: minecraft:worldgen/carver
[27апр.2026 21:37:28.170] [Render thread/DEBUG] [net.minecraftforge.registries.GameData/REGISTRIES]: Applying holder lookups: minecraft:worldgen/feature
[27апр.2026 21:37:28.170] [Render thread/DEBUG] [net.minecraftforge.registries.GameData/REGISTRIES]: Holder lookups applied: minecraft:worldgen/feature
[27апр.2026 21:37:28.170] [Render thread/DEBUG] [net.minecraftforge.registries.GameData/REGISTRIES]: Applying holder lookups: minecraft:worldgen/structure_processor
[27апр.2026 21:37:28.170] [Render thread/DEBUG] [net.minecraftforge.registries.GameData/REGISTRIES]: Holder lookups applied: minecraft:worldgen/structure_processor
[27апр.2026 21:37:28.170] [Render thread/DEBUG] [net.minecraftforge.registries.GameData/REGISTRIES]: Applying holder lookups: minecraft:worldgen/structure_placement
[27апр.2026 21:37:28.171] [Render thread/DEBUG] [net.minecraftforge.registries.GameData/REGISTRIES]: Holder lookups applied: minecraft:worldgen/structure_placement
[27апр.2026 21:37:28.171] [Render thread/DEBUG] [net.minecraftforge.registries.GameData/REGISTRIES]: Applying holder lookups: minecraft:worldgen/structure_piece
[27апр.2026 21:37:28.171] [Render thread/DEBUG] [net.minecraftforge.registries.GameData/REGISTRIES]: Holder lookups applied: minecraft:worldgen/structure_piece
[27апр.2026 21:37:28.171] [Render thread/DEBUG] [net.minecraftforge.registries.GameData/REGISTRIES]: Applying holder lookups: minecraft:worldgen/structure_type
[27апр.2026 21:37:28.171] [Render thread/DEBUG] [net.minecraftforge.registries.GameData/REGISTRIES]: Holder lookups applied: minecraft:worldgen/structure_type
[27апр.2026 21:37:28.171] [Render thread/DEBUG] [net.minecraftforge.registries.GameData/REGISTRIES]: Applying holder lookups: minecraft:worldgen/placement_modifier_type
[27апр.2026 21:37:28.171] [Render thread/DEBUG] [net.minecraftforge.registries.GameData/REGISTRIES]: Holder lookups applied: minecraft:worldgen/placement_modifier_type
[27апр.2026 21:37:28.171] [Render thread/DEBUG] [net.minecraftforge.registries.GameData/REGISTRIES]: Applying holder lookups: minecraft:worldgen/block_state_provider_type
[27апр.2026 21:37:28.172] [Render thread/DEBUG] [net.minecraftforge.registries.GameData/REGISTRIES]: Holder lookups applied: minecraft:worldgen/block_state_provider_type
[27апр.2026 21:37:28.172] [Render thread/DEBUG] [net.minecraftforge.registries.GameData/REGISTRIES]: Applying holder lookups: minecraft:worldgen/foliage_placer_type
[27апр.2026 21:37:28.172] [Render thread/DEBUG] [net.minecraftforge.registries.GameData/REGISTRIES]: Holder lookups applied: minecraft:worldgen/foliage_placer_type
[27апр.2026 21:37:28.172] [Render thread/DEBUG] [net.minecraftforge.registries.GameData/REGISTRIES]: Applying holder lookups: minecraft:worldgen/trunk_placer_type
[27апр.2026 21:37:28.172] [Render thread/DEBUG] [net.minecraftforge.registries.GameData/REGISTRIES]: Holder lookups applied: minecraft:worldgen/trunk_placer_type
[27апр.2026 21:37:28.172] [Render thread/DEBUG] [net.minecraftforge.registries.GameData/REGISTRIES]: Applying holder lookups: minecraft:worldgen/root_placer_type
[27апр.2026 21:37:28.172] [Render thread/DEBUG] [net.minecraftforge.registries.GameData/REGISTRIES]: Holder lookups applied: minecraft:worldgen/root_placer_type
[27апр.2026 21:37:28.172] [Render thread/DEBUG] [net.minecraftforge.registries.GameData/REGISTRIES]: Applying holder lookups: minecraft:worldgen/tree_decorator_type
[27апр.2026 21:37:28.172] [Render thread/DEBUG] [net.minecraftforge.registries.GameData/REGISTRIES]: Holder lookups applied: minecraft:worldgen/tree_decorator_type
[27апр.2026 21:37:28.172] [Render thread/DEBUG] [net.minecraftforge.registries.GameData/REGISTRIES]: Applying holder lookups: minecraft:worldgen/feature_size_type
[27апр.2026 21:37:28.172] [Render thread/DEBUG] [net.minecraftforge.registries.GameData/REGISTRIES]: Holder lookups applied: minecraft:worldgen/feature_size_type
[27апр.2026 21:37:28.172] [Render thread/DEBUG] [net.minecraftforge.registries.GameData/REGISTRIES]: Applying holder lookups: minecraft:worldgen/biome_source
[27апр.2026 21:37:28.174] [Render thread/DEBUG] [net.minecraftforge.registries.GameData/REGISTRIES]: Holder lookups applied: minecraft:worldgen/biome_source
[27апр.2026 21:37:28.174] [Render thread/DEBUG] [net.minecraftforge.registries.GameData/REGISTRIES]: Applying holder lookups: minecraft:worldgen/chunk_generator
[27апр.2026 21:37:28.174] [Render thread/DEBUG] [net.minecraftforge.registries.GameData/REGISTRIES]: Holder lookups applied: minecraft:worldgen/chunk_generator
[27апр.2026 21:37:28.174] [Render thread/DEBUG] [net.minecraftforge.registries.GameData/REGISTRIES]: Applying holder lookups: minecraft:worldgen/material_condition
[27апр.2026 21:37:28.174] [Render thread/DEBUG] [net.minecraftforge.registries.GameData/REGISTRIES]: Holder lookups applied: minecraft:worldgen/material_condition
[27апр.2026 21:37:28.174] [Render thread/DEBUG] [net.minecraftforge.registries.GameData/REGISTRIES]: Applying holder lookups: minecraft:worldgen/material_rule
[27апр.2026 21:37:28.174] [Render thread/DEBUG] [net.minecraftforge.registries.GameData/REGISTRIES]: Holder lookups applied: minecraft:worldgen/material_rule
[27апр.2026 21:37:28.174] [Render thread/DEBUG] [net.minecraftforge.registries.GameData/REGISTRIES]: Applying holder lookups: minecraft:worldgen/density_function_type
[27апр.2026 21:37:28.175] [Render thread/DEBUG] [net.minecraftforge.registries.GameData/REGISTRIES]: Holder lookups applied: minecraft:worldgen/density_function_type
[27апр.2026 21:37:28.175] [Render thread/DEBUG] [net.minecraftforge.registries.GameData/REGISTRIES]: Applying holder lookups: minecraft:worldgen/structure_pool_element
[27апр.2026 21:37:28.175] [Render thread/DEBUG] [net.minecraftforge.registries.GameData/REGISTRIES]: Holder lookups applied: minecraft:worldgen/structure_pool_element
[27апр.2026 21:37:28.175] [Render thread/DEBUG] [net.minecraftforge.registries.GameData/REGISTRIES]: Applying holder lookups: minecraft:cat_variant
[27апр.2026 21:37:28.175] [Render thread/DEBUG] [net.minecraftforge.registries.GameData/REGISTRIES]: Holder lookups applied: minecraft:cat_variant
[27апр.2026 21:37:28.175] [Render thread/DEBUG] [net.minecraftforge.registries.GameData/REGISTRIES]: Applying holder lookups: minecraft:frog_variant
[27апр.2026 21:37:28.175] [Render thread/DEBUG] [net.minecraftforge.registries.GameData/REGISTRIES]: Holder lookups applied: minecraft:frog_variant
[27апр.2026 21:37:28.176] [Render thread/DEBUG] [net.minecraftforge.registries.GameData/REGISTRIES]: Applying holder lookups: minecraft:banner_pattern
[27апр.2026 21:37:28.176] [Render thread/DEBUG] [net.minecraftforge.registries.GameData/REGISTRIES]: Holder lookups applied: minecraft:banner_pattern
[27апр.2026 21:37:28.176] [Render thread/DEBUG] [net.minecraftforge.registries.GameData/REGISTRIES]: Applying holder lookups: minecraft:instrument
[27апр.2026 21:37:28.176] [Render thread/DEBUG] [net.minecraftforge.registries.GameData/REGISTRIES]: Holder lookups applied: minecraft:instrument
[27апр.2026 21:37:28.176] [Render thread/DEBUG] [net.minecraftforge.registries.GameData/REGISTRIES]: Applying holder lookups: minecraft:decorated_pot_patterns
[27апр.2026 21:37:28.177] [Render thread/DEBUG] [net.minecraftforge.registries.GameData/REGISTRIES]: Holder lookups applied: minecraft:decorated_pot_patterns
[27апр.2026 21:37:28.179] [Render thread/DEBUG] [net.minecraftforge.registries.GameData/REGISTRIES]: Applying holder lookups: minecraft:creative_mode_tab
[27апр.2026 21:37:28.180] [Render thread/DEBUG] [net.minecraftforge.registries.GameData/REGISTRIES]: Holder lookups applied: minecraft:creative_mode_tab
[27апр.2026 21:37:28.196] [Render thread/DEBUG] [net.minecraftforge.registries.GameData/REGISTRIES]: Applying holder lookups: forge:biome_modifier_serializers
[27апр.2026 21:37:28.197] [Render thread/DEBUG] [net.minecraftforge.registries.GameData/REGISTRIES]: Holder lookups applied: forge:biome_modifier_serializers
[27апр.2026 21:37:28.198] [Render thread/DEBUG] [net.minecraftforge.registries.GameData/REGISTRIES]: Applying holder lookups: forge:display_contexts
[27апр.2026 21:37:28.198] [Render thread/DEBUG] [net.minecraftforge.registries.GameData/REGISTRIES]: Holder lookups applied: forge:display_contexts
[27апр.2026 21:37:28.198] [Render thread/DEBUG] [net.minecraftforge.registries.GameData/REGISTRIES]: Applying holder lookups: forge:entity_data_serializers
[27апр.2026 21:37:28.198] [Render thread/DEBUG] [net.minecraftforge.registries.GameData/REGISTRIES]: Holder lookups applied: forge:entity_data_serializers
[27апр.2026 21:37:28.211] [Render thread/DEBUG] [net.minecraftforge.registries.GameData/REGISTRIES]: Applying holder lookups: forge:fluid_type
[27апр.2026 21:37:28.211] [Render thread/DEBUG] [net.minecraftforge.registries.GameData/REGISTRIES]: Holder lookups applied: forge:fluid_type
[27апр.2026 21:37:28.211] [Render thread/DEBUG] [net.minecraftforge.registries.GameData/REGISTRIES]: Applying holder lookups: forge:global_loot_modifier_serializers
[27апр.2026 21:37:28.212] [Render thread/DEBUG] [net.minecraftforge.registries.GameData/REGISTRIES]: Holder lookups applied: forge:global_loot_modifier_serializers
[27апр.2026 21:37:28.216] [Render thread/DEBUG] [net.minecraftforge.registries.GameData/REGISTRIES]: Applying holder lookups: forge:holder_set_type
[27апр.2026 21:37:28.216] [Render thread/DEBUG] [net.minecraftforge.registries.GameData/REGISTRIES]: Holder lookups applied: forge:holder_set_type
[27апр.2026 21:37:28.216] [Render thread/DEBUG] [net.minecraftforge.registries.GameData/REGISTRIES]: Applying holder lookups: forge:structure_modifier_serializers
[27апр.2026 21:37:28.217] [Render thread/DEBUG] [net.minecraftforge.registries.GameData/REGISTRIES]: Holder lookups applied: forge:structure_modifier_serializers
[27апр.2026 21:37:28.217] [Render thread/DEBUG] [net.minecraftforge.registries.GameData/REGISTRIES]: Applying holder lookups: minecraft:worldgen/biome
[27апр.2026 21:37:28.217] [Render thread/DEBUG] [net.minecraftforge.registries.GameData/REGISTRIES]: Holder lookups applied: minecraft:worldgen/biome
[27апр.2026 21:37:28.287] [Render thread/DEBUG] [net.minecraftforge.client.loading.ClientModLoader/CORE]: Generating PackInfo named mod:forge for mod file /
[27апр.2026 21:37:28.288] [Render thread/DEBUG] [net.minecraftforge.client.loading.ClientModLoader/CORE]: Generating PackInfo named mod:inventory for mod file C:\Users\GameBox\Documents\programist\minecraft apocalipsis\inventory_expended\inventory_project\build\resources\main
[27апр.2026 21:37:28.693] [Render thread/INFO] [net.minecraftforge.gametest.ForgeGameTestHooks/]: Enabled Gametest Namespaces: [inventory]
[27апр.2026 21:37:28.809] [Render thread/INFO] [net.minecraft.server.packs.resources.ReloadableResourceManager/]: Reloading ResourceManager: vanilla, mod_resources
[27апр.2026 21:37:28.820] [modloading-worker-0/DEBUG] [net.minecraftforge.fml.config.ConfigTracker/CONFIG]: Loading configs type CLIENT
[27апр.2026 21:37:28.822] [modloading-worker-0/DEBUG] [net.minecraftforge.fml.config.ConfigFileTypeHandler/CONFIG]: Built TOML config for C:\Users\GameBox\Documents\programist\minecraft apocalipsis\inventory_expended\inventory_project\run\config\forge-client.toml
[27апр.2026 21:37:28.822] [modloading-worker-0/DEBUG] [net.minecraftforge.fml.config.ConfigFileTypeHandler/CONFIG]: Loaded TOML config file C:\Users\GameBox\Documents\programist\minecraft apocalipsis\inventory_expended\inventory_project\run\config\forge-client.toml
[27апр.2026 21:37:28.826] [modloading-worker-0/DEBUG] [net.minecraftforge.fml.config.ConfigFileTypeHandler/CONFIG]: Watching TOML config file C:\Users\GameBox\Documents\programist\minecraft apocalipsis\inventory_expended\inventory_project\run\config\forge-client.toml for changes
[27апр.2026 21:37:28.828] [modloading-worker-0/DEBUG] [net.minecraftforge.common.ForgeConfig/FORGEMOD]: Loaded forge config file forge-client.toml
[27апр.2026 21:37:28.828] [modloading-worker-0/DEBUG] [net.minecraftforge.fml.config.ConfigTracker/CONFIG]: Loading configs type COMMON
[27апр.2026 21:37:28.830] [modloading-worker-0/DEBUG] [net.minecraftforge.fml.config.ConfigFileTypeHandler/CONFIG]: Built TOML config for C:\Users\GameBox\Documents\programist\minecraft apocalipsis\inventory_expended\inventory_project\run\config\inventory-common.toml
[27апр.2026 21:37:28.830] [modloading-worker-0/DEBUG] [net.minecraftforge.fml.config.ConfigFileTypeHandler/CONFIG]: Loaded TOML config file C:\Users\GameBox\Documents\programist\minecraft apocalipsis\inventory_expended\inventory_project\run\config\inventory-common.toml
[27апр.2026 21:37:28.830] [modloading-worker-0/DEBUG] [net.minecraftforge.fml.config.ConfigFileTypeHandler/CONFIG]: Watching TOML config file C:\Users\GameBox\Documents\programist\minecraft apocalipsis\inventory_expended\inventory_project\run\config\inventory-common.toml for changes
[27апр.2026 21:37:28.831] [Thread-3/DEBUG] [net.minecraftforge.fml.config.ConfigFileTypeHandler/CONFIG]: Config file inventory-common.toml changed, sending notifies
[27апр.2026 21:37:28.832] [Thread-3/DEBUG] [net.minecraftforge.fml.config.ConfigFileTypeHandler/CONFIG]: Config file inventory-common.toml changed, sending notifies
[27апр.2026 21:37:28.836] [Worker-Main-10/INFO] [org.inventory.inventory.Inventory/]: [Inventory] common setup
[27апр.2026 21:37:28.845] [Worker-Main-10/INFO] [org.inventory.inventory.Inventory/]: DIRT BLOCK >> minecraft:dirt
[27апр.2026 21:37:28.846] [Worker-Main-10/INFO] [org.inventory.inventory.Inventory/]: The magic number is... 42
[27апр.2026 21:37:28.847] [Worker-Main-10/INFO] [org.inventory.inventory.Inventory/]: ITEM >> iron_ingot
[27апр.2026 21:37:28.984] [Worker-Main-4/INFO] [net.minecraft.client.gui.font.providers.UnihexProvider/]: Found unifont_all_no_pua-15.0.06.hex, loading
[27апр.2026 21:37:29.033] [Forge Version Check/INFO] [net.minecraftforge.fml.VersionChecker/]: [forge] Starting version check at https://files.minecraftforge.net/net/minecraftforge/forge/promotions_slim.json
[27апр.2026 21:37:29.075] [Render thread/DEBUG] [net.minecraftforge.fml.DeferredWorkQueue/LOADING]: Dispatching synchronous work for work queue COMMON_SETUP: 1 jobs
[27апр.2026 21:37:29.092] [Render thread/DEBUG] [net.minecraftforge.fml.DeferredWorkQueue/LOADING]: Synchronous work queue completed in 16.36 ms
[27апр.2026 21:37:29.117] [Worker-Main-16/INFO] [org.inventory.inventory.Inventory/]: [Inventory] client setup, player=Dev
[27апр.2026 21:37:29.140] [Worker-Main-16/INFO] [org.inventory.inventory.data.DataDrivenContentLoader/]: [DataLoader] loaded categories=0 cards=0 storageProfiles=0 protectionItems=0 issues=0
[27апр.2026 21:37:29.145] [Render thread/DEBUG] [net.minecraftforge.fml.DeferredWorkQueue/LOADING]: Dispatching synchronous work for work queue SIDED_SETUP: 1 jobs
[27апр.2026 21:37:29.150] [Worker-Main-6/WARN] [net.minecraft.client.renderer.texture.SpriteLoader/]: Texture inventory:item/black_shoulder_bag_t with size 759x785 limits mip level from 4 to 0
[27апр.2026 21:37:29.222] [Render thread/DEBUG] [net.minecraftforge.fml.DeferredWorkQueue/LOADING]: Synchronous work queue completed in 77.32 ms
[27апр.2026 21:37:29.497] [Worker-Main-8/WARN] [net.minecraft.client.resources.model.ModelBakery/]: Exception loading blockstate definition: 'inventory:blockstates/example_block.json' missing model for variant: 'inventory:example_block#'
[27апр.2026 21:37:29.500] [Worker-Main-8/WARN] [net.minecraft.client.resources.model.ModelBakery/]: Unable to load model: 'inventory:example_block#inventory' referenced from: inventory:example_block#inventory: java.io.FileNotFoundException: inventory:models/item/example_block.json
[27апр.2026 21:37:29.500] [Worker-Main-8/WARN] [net.minecraft.client.resources.model.ModelBakery/]: Unable to load model: 'inventory:example_item#inventory' referenced from: inventory:example_item#inventory: java.io.FileNotFoundException: inventory:models/item/example_item.json
[27апр.2026 21:37:29.649] [Forge Version Check/DEBUG] [net.minecraftforge.fml.VersionChecker/]: [forge] Received version check data:
{
  "homepage": "https://files.minecraftforge.net/net/minecraftforge/forge/",
  "promos": {
    "1.1-latest": "1.3.4.29",
    "1.2.3-latest": "1.4.1.64",
    "1.2.4-latest": "2.0.0.68",
    "1.2.5-latest": "3.4.9.171",
    "1.3.2-latest": "4.3.5.318",
    "1.4.0-latest": "5.0.0.326",
    "1.4.1-latest": "6.0.0.329",
    "1.4.2-latest": "6.0.1.355",
    "1.4.3-latest": "6.2.1.358",
    "1.4.4-latest": "6.3.0.378",
    "1.4.5-latest": "6.4.2.448",
    "1.4.6-latest": "6.5.0.489",
    "1.4.7-latest": "6.6.2.534",
    "1.5-latest": "7.7.0.598",
    "1.5.1-latest": "7.7.2.682",
    "1.5.2-latest": "7.8.1.738",
    "1.5.2-recommended": "7.8.1.738",
    "1.6.1-latest": "8.9.0.775",
    "1.6.2-latest": "9.10.1.871",
    "1.6.2-recommended": "9.10.1.871",
    "1.6.3-latest": "9.11.0.878",
    "1.6.4-latest": "9.11.1.1345",
    "1.6.4-recommended": "9.11.1.1345",
    "1.7.2-latest": "10.12.2.1161",
    "1.7.2-recommended": "10.12.2.1161",
    "1.7.10-latest": "10.13.4.1614",
    "1.7.10-recommended": "10.13.4.1614",
    "1.8-latest": "11.14.4.1577",
    "1.8-recommended": "11.14.4.1563",
    "1.8.8-latest": "11.15.0.1655",
    "1.8.9-latest": "11.15.1.2318",
    "1.8.9-recommended": "11.15.1.2318",
    "1.9-latest": "12.16.1.1938",
    "1.9-recommended": "12.16.1.1887",
    "1.9.4-latest": "12.17.0.2317",
    "1.9.4-recommended": "12.17.0.2317",
    "1.10-latest": "12.18.0.2000",
    "1.10.2-latest": "12.18.3.2511",
    "1.10.2-recommended": "12.18.3.2511",
    "1.11-latest": "13.19.1.2199",
    "1.11-recommended": "13.19.1.2189",
    "1.11.2-latest": "13.20.1.2588",
    "1.11.2-recommended": "13.20.1.2588",
    "1.12-latest": "14.21.1.2443",
    "1.12-recommended": "14.21.1.2387",
    "1.12.1-latest": "14.22.1.2485",
    "1.12.1-recommended": "14.22.1.2478",
    "1.12.2-latest": "14.23.5.2864",
    "1.12.2-recommended": "14.23.5.2859",
    "1.13.2-latest": "25.0.223",
    "1.14.2-latest": "26.0.63",
    "1.14.3-latest": "27.0.60",
    "1.14.4-latest": "28.2.28",
    "1.14.4-recommended": "28.2.26",
    "1.15-latest": "29.0.4",
    "1.15.1-latest": "30.0.51",
    "1.15.2-latest": "31.2.60",
    "1.15.2-recommended": "31.2.57",
    "1.16.1-latest": "32.0.108",
    "1.16.2-latest": "33.0.61",
    "1.16.3-latest": "34.1.42",
    "1.16.3-recommended": "34.1.0",
    "1.16.4-latest": "35.1.37",
    "1.16.4-recommended": "35.1.4",
    "1.16.5-latest": "36.2.42",
    "1.16.5-recommended": "36.2.34",
    "1.17.1-latest": "37.1.1",
    "1.17.1-recommended": "37.1.1",
    "1.18-latest": "38.0.17",
    "1.18.1-latest": "39.1.2",
    "1.18.1-recommended": "39.1.0",
    "1.18.2-recommended": "40.3.0",
    "1.18.2-latest": "40.3.12",
    "1.19-latest": "41.1.0",
    "1.19-recommended": "41.1.0",
    "1.19.1-latest": "42.0.9",
    "1.19.2-recommended": "43.5.0",
    "1.19.2-latest": "43.5.2",
    "1.19.3-latest": "44.1.23",
    "1.19.3-recommended": "44.1.0",
    "1.19.4-recommended": "45.4.0",
    "1.19.4-latest": "45.4.3",
    "1.20-latest": "46.0.14",
    "1.20.1-recommended": "47.4.10",
    "1.20.1-latest": "47.4.20",
    "1.20.2-latest": "48.1.0",
    "1.20.2-recommended": "48.1.0",
    "1.20.3-latest": "49.0.2",
    "1.20.4-latest": "49.2.7",
    "1.20.4-recommended": "49.2.0",
    "1.20.6-latest": "50.2.8",
    "1.20.6-recommended": "50.2.0",
    "1.21-latest": "51.0.33",
    "1.21.1-latest": "52.1.14",
    "1.21.1-recommended": "52.1.0",
    "1.21.3-latest": "53.1.10",
    "1.21.3-recommended": "53.1.0",
    "1.21.4-latest": "54.1.16",
    "1.21.4-recommended": "54.1.14",
    "1.21.5-latest": "55.1.10",
    "1.21.5-recommended": "55.1.0",
    "1.21.6-latest": "56.0.9",
    "1.21.7-latest": "57.0.3",
    "1.21.8-latest": "58.1.18",
    "1.21.8-recommended": "58.1.0",
    "1.21.9-latest": "59.0.5",
    "1.21.10-latest": "60.1.9",
    "1.21.10-recommended": "60.1.0",
    "1.21.11-latest": "61.1.5",
    "1.21.11-recommended": "61.1.0",
    "26.1-latest": "62.0.9",
    "26.1.1-latest": "63.0.2",
    "26.1.2-latest": "64.0.5"
  }
}
[27апр.2026 21:37:29.653] [Forge Version Check/INFO] [net.minecraftforge.fml.VersionChecker/]: [forge] Found status: UP_TO_DATE Current: 47.4.10 Target: null
[27апр.2026 21:37:30.046] [Worker-Main-8/WARN] [net.minecraft.client.resources.model.ModelManager/]: Missing textures in model inventory:expedition_pack#inventory:
    minecraft:textures/atlas/blocks.png:minecraft:item/barrel
[27апр.2026 21:37:30.046] [Worker-Main-8/WARN] [net.minecraft.client.resources.model.ModelManager/]: Missing textures in model inventory:desert_cap#inventory:
    minecraft:textures/atlas/blocks.png:inventory:item/desert_cap_t
[27апр.2026 21:37:30.184] [modloading-worker-0/DEBUG] [net.minecraftforge.registries.GameData/REGISTRIES]: Freezing registries
[27апр.2026 21:37:30.185] [modloading-worker-0/DEBUG] [net.minecraftforge.registries.ForgeRegistry/REGISTRIES]: Registry minecraft:block Sync: FROZEN -> ACTIVE
[27апр.2026 21:37:30.196] [modloading-worker-0/DEBUG] [net.minecraftforge.registries.ForgeRegistry/REGISTRIES]: Registry minecraft:fluid Sync: FROZEN -> ACTIVE
[27апр.2026 21:37:30.196] [modloading-worker-0/DEBUG] [net.minecraftforge.registries.ForgeRegistry/REGISTRIES]: Registry minecraft:item Sync: FROZEN -> ACTIVE
[27апр.2026 21:37:30.208] [modloading-worker-0/DEBUG] [net.minecraftforge.registries.ForgeRegistry/REGISTRIES]: Registry minecraft:mob_effect Sync: FROZEN -> ACTIVE
[27апр.2026 21:37:30.209] [modloading-worker-0/DEBUG] [net.minecraftforge.registries.ForgeRegistry/REGISTRIES]: Registry minecraft:sound_event Sync: FROZEN -> ACTIVE
[27апр.2026 21:37:30.217] [modloading-worker-0/DEBUG] [net.minecraftforge.registries.ForgeRegistry/REGISTRIES]: Registry minecraft:potion Sync: FROZEN -> ACTIVE
[27апр.2026 21:37:30.218] [modloading-worker-0/DEBUG] [net.minecraftforge.registries.ForgeRegistry/REGISTRIES]: Registry minecraft:enchantment Sync: FROZEN -> ACTIVE
[27апр.2026 21:37:30.218] [modloading-worker-0/DEBUG] [net.minecraftforge.registries.ForgeRegistry/REGISTRIES]: Registry minecraft:entity_type Sync: FROZEN -> ACTIVE
[27апр.2026 21:37:30.219] [modloading-worker-0/DEBUG] [net.minecraftforge.registries.ForgeRegistry/REGISTRIES]: Registry minecraft:block_entity_type Sync: FROZEN -> ACTIVE
[27апр.2026 21:37:30.219] [modloading-worker-0/DEBUG] [net.minecraftforge.registries.ForgeRegistry/REGISTRIES]: Registry minecraft:particle_type Sync: FROZEN -> ACTIVE
[27апр.2026 21:37:30.220] [modloading-worker-0/DEBUG] [net.minecraftforge.registries.ForgeRegistry/REGISTRIES]: Registry minecraft:menu Sync: FROZEN -> ACTIVE
[27апр.2026 21:37:30.220] [modloading-worker-0/DEBUG] [net.minecraftforge.registries.ForgeRegistry/REGISTRIES]: Registry minecraft:painting_variant Sync: FROZEN -> ACTIVE
[27апр.2026 21:37:30.220] [modloading-worker-0/DEBUG] [net.minecraftforge.registries.ForgeRegistry/REGISTRIES]: Registry minecraft:recipe_type Sync: FROZEN -> ACTIVE
[27апр.2026 21:37:30.220] [modloading-worker-0/DEBUG] [net.minecraftforge.registries.ForgeRegistry/REGISTRIES]: Registry minecraft:recipe_serializer Sync: FROZEN -> ACTIVE
[27апр.2026 21:37:30.220] [modloading-worker-0/DEBUG] [net.minecraftforge.registries.ForgeRegistry/REGISTRIES]: Registry minecraft:attribute Sync: FROZEN -> ACTIVE
[27апр.2026 21:37:30.220] [modloading-worker-0/DEBUG] [net.minecraftforge.registries.ForgeRegistry/REGISTRIES]: Registry minecraft:stat_type Sync: FROZEN -> ACTIVE
[27апр.2026 21:37:30.220] [modloading-worker-0/DEBUG] [net.minecraftforge.registries.ForgeRegistry/REGISTRIES]: Registry minecraft:command_argument_type Sync: FROZEN -> ACTIVE
[27апр.2026 21:37:30.220] [modloading-worker-0/DEBUG] [net.minecraftforge.registries.ForgeRegistry/REGISTRIES]: Registry minecraft:villager_profession Sync: FROZEN -> ACTIVE
[27апр.2026 21:37:30.221] [modloading-worker-0/DEBUG] [net.minecraftforge.registries.ForgeRegistry/REGISTRIES]: Registry minecraft:point_of_interest_type Sync: FROZEN -> ACTIVE
[27апр.2026 21:37:30.221] [modloading-worker-0/DEBUG] [net.minecraftforge.registries.ForgeRegistry/REGISTRIES]: Registry minecraft:memory_module_type Sync: FROZEN -> ACTIVE
[27апр.2026 21:37:30.221] [modloading-worker-0/DEBUG] [net.minecraftforge.registries.ForgeRegistry/REGISTRIES]: Registry minecraft:sensor_type Sync: FROZEN -> ACTIVE
[27апр.2026 21:37:30.222] [modloading-worker-0/DEBUG] [net.minecraftforge.registries.ForgeRegistry/REGISTRIES]: Registry minecraft:schedule Sync: FROZEN -> ACTIVE
[27апр.2026 21:37:30.222] [modloading-worker-0/DEBUG] [net.minecraftforge.registries.ForgeRegistry/REGISTRIES]: Registry minecraft:activity Sync: FROZEN -> ACTIVE
[27апр.2026 21:37:30.222] [modloading-worker-0/DEBUG] [net.minecraftforge.registries.ForgeRegistry/REGISTRIES]: Registry minecraft:worldgen/carver Sync: FROZEN -> ACTIVE
[27апр.2026 21:37:30.222] [modloading-worker-0/DEBUG] [net.minecraftforge.registries.ForgeRegistry/REGISTRIES]: Registry minecraft:worldgen/feature Sync: FROZEN -> ACTIVE
[27апр.2026 21:37:30.222] [modloading-worker-0/DEBUG] [net.minecraftforge.registries.ForgeRegistry/REGISTRIES]: Registry minecraft:chunk_status Sync: FROZEN -> ACTIVE
[27апр.2026 21:37:30.223] [modloading-worker-0/DEBUG] [net.minecraftforge.registries.ForgeRegistry/REGISTRIES]: Registry minecraft:worldgen/block_state_provider_type Sync: FROZEN -> ACTIVE
[27апр.2026 21:37:30.223] [modloading-worker-0/DEBUG] [net.minecraftforge.registries.ForgeRegistry/REGISTRIES]: Registry minecraft:worldgen/foliage_placer_type Sync: FROZEN -> ACTIVE
[27апр.2026 21:37:30.223] [modloading-worker-0/DEBUG] [net.minecraftforge.registries.ForgeRegistry/REGISTRIES]: Registry minecraft:worldgen/tree_decorator_type Sync: FROZEN -> ACTIVE
[27апр.2026 21:37:30.223] [modloading-worker-0/DEBUG] [net.minecraftforge.registries.ForgeRegistry/REGISTRIES]: Registry minecraft:worldgen/biome Sync: FROZEN -> ACTIVE
[27апр.2026 21:37:30.223] [modloading-worker-0/DEBUG] [net.minecraftforge.registries.ForgeRegistry/REGISTRIES]: Registry forge:entity_data_serializers Sync: FROZEN -> ACTIVE
[27апр.2026 21:37:30.223] [modloading-worker-0/DEBUG] [net.minecraftforge.registries.ForgeRegistry/REGISTRIES]: Registry forge:global_loot_modifier_serializers Sync: FROZEN -> ACTIVE
[27апр.2026 21:37:30.223] [modloading-worker-0/DEBUG] [net.minecraftforge.registries.ForgeRegistry/REGISTRIES]: Registry forge:biome_modifier_serializers Sync: FROZEN -> ACTIVE
[27апр.2026 21:37:30.223] [modloading-worker-0/DEBUG] [net.minecraftforge.registries.ForgeRegistry/REGISTRIES]: Registry forge:fluid_type Sync: FROZEN -> ACTIVE
[27апр.2026 21:37:30.223] [modloading-worker-0/DEBUG] [net.minecraftforge.registries.ForgeRegistry/REGISTRIES]: Registry forge:structure_modifier_serializers Sync: FROZEN -> ACTIVE
[27апр.2026 21:37:30.223] [modloading-worker-0/DEBUG] [net.minecraftforge.registries.ForgeRegistry/REGISTRIES]: Registry forge:holder_set_type Sync: FROZEN -> ACTIVE
[27апр.2026 21:37:30.223] [modloading-worker-0/DEBUG] [net.minecraftforge.registries.ForgeRegistry/REGISTRIES]: Registry forge:display_contexts Sync: FROZEN -> ACTIVE
[27апр.2026 21:37:30.786] [modloading-worker-0/DEBUG] [net.minecraftforge.registries.GameData/REGISTRIES]: All registries frozen
[27апр.2026 21:37:30.828] [Render thread/DEBUG] [net.minecraftforge.common.ForgeI18n/CORE]: Loading I18N data entries: 8261
[27апр.2026 21:37:30.847] [Render thread/WARN] [net.minecraft.client.sounds.SoundEngine/]: Missing sound for event: minecraft:item.goat_horn.play
[27апр.2026 21:37:30.847] [Render thread/WARN] [net.minecraft.client.sounds.SoundEngine/]: Missing sound for event: minecraft:entity.goat.screaming.horn_break
[27апр.2026 21:37:30.873] [Render thread/INFO] [com.mojang.blaze3d.audio.Library/]: OpenAL initialized on device OpenAL Soft on Динамики (HyperX Cloud Core Wireless)
[27апр.2026 21:37:30.873] [Render thread/INFO] [net.minecraft.client.sounds.SoundEngine/SOUNDS]: Sound engine started
[27апр.2026 21:37:30.949] [Render thread/INFO] [net.minecraft.client.renderer.texture.TextureAtlas/]: Created: 4096x4096x4 minecraft:textures/atlas/blocks.png-atlas
[27апр.2026 21:37:30.972] [Render thread/INFO] [net.minecraft.client.renderer.texture.TextureAtlas/]: Created: 256x256x4 minecraft:textures/atlas/signs.png-atlas
[27апр.2026 21:37:30.972] [Render thread/INFO] [net.minecraft.client.renderer.texture.TextureAtlas/]: Created: 512x512x4 minecraft:textures/atlas/banner_patterns.png-atlas
[27апр.2026 21:37:30.972] [Render thread/INFO] [net.minecraft.client.renderer.texture.TextureAtlas/]: Created: 512x512x4 minecraft:textures/atlas/shield_patterns.png-atlas
[27апр.2026 21:37:30.972] [Render thread/INFO] [net.minecraft.client.renderer.texture.TextureAtlas/]: Created: 1024x1024x4 minecraft:textures/atlas/armor_trims.png-atlas
[27апр.2026 21:37:30.974] [Render thread/INFO] [net.minecraft.client.renderer.texture.TextureAtlas/]: Created: 256x256x4 minecraft:textures/atlas/chest.png-atlas
[27апр.2026 21:37:30.975] [Render thread/INFO] [net.minecraft.client.renderer.texture.TextureAtlas/]: Created: 128x64x4 minecraft:textures/atlas/decorated_pot.png-atlas
[27апр.2026 21:37:30.975] [Render thread/INFO] [net.minecraft.client.renderer.texture.TextureAtlas/]: Created: 512x256x4 minecraft:textures/atlas/beds.png-atlas
[27апр.2026 21:37:30.975] [Render thread/INFO] [net.minecraft.client.renderer.texture.TextureAtlas/]: Created: 512x256x4 minecraft:textures/atlas/shulker_boxes.png-atlas
[27апр.2026 21:37:31.150] [Render thread/WARN] [net.minecraft.client.renderer.ShaderInstance/]: Shader rendertype_entity_translucent_emissive could not find sampler named Sampler2 in the specified shader program.
[27апр.2026 21:37:31.188] [Render thread/INFO] [net.minecraft.client.renderer.texture.TextureAtlas/]: Created: 256x256x0 minecraft:textures/atlas/particles.png-atlas
[27апр.2026 21:37:31.189] [Render thread/INFO] [net.minecraft.client.renderer.texture.TextureAtlas/]: Created: 256x256x0 minecraft:textures/atlas/paintings.png-atlas
[27апр.2026 21:37:31.191] [Render thread/INFO] [net.minecraft.client.renderer.texture.TextureAtlas/]: Created: 128x128x0 minecraft:textures/atlas/mob_effects.png-atlas
[27апр.2026 21:37:31.736] [Realms Notification Availability checker #1/INFO] [com.mojang.realmsclient.client.RealmsClient/]: Could not authorize you against Realms server: java.lang.RuntimeException: Failed to parse into SignedJWT: 0
[27апр.2026 21:37:34.463] [Render thread/INFO] [net.minecraftforge.registries.GameData/REGISTRIES]: Injecting existing registry data into this CLIENT instance
[27апр.2026 21:37:34.475] [Render thread/DEBUG] [net.minecraftforge.registries.ForgeRegistry/REGISTRIES]: Registry minecraft:item: Fixed minecraft:item id mismatch inventory:balaclava: 1292 (init) -> 1268 (map).
[27апр.2026 21:37:34.476] [Render thread/DEBUG] [net.minecraftforge.registries.ForgeRegistry/REGISTRIES]: Registry minecraft:item: Fixed minecraft:item id mismatch inventory:black_shoulder_bag: 1271 (init) -> 1286 (map).
[27апр.2026 21:37:34.476] [Render thread/DEBUG] [net.minecraftforge.registries.ForgeRegistry/REGISTRIES]: Registry minecraft:item: Fixed minecraft:item id mismatch inventory:cap: 1293 (init) -> 1269 (map).
[27апр.2026 21:37:34.476] [Render thread/DEBUG] [net.minecraftforge.registries.ForgeRegistry/REGISTRIES]: Registry minecraft:item: Fixed minecraft:item id mismatch inventory:cargo_pants: 1284 (init) -> 1261 (map).
[27апр.2026 21:37:34.476] [Render thread/DEBUG] [net.minecraftforge.registries.ForgeRegistry/REGISTRIES]: Registry minecraft:item: Fixed minecraft:item id mismatch inventory:chest_rig: 1287 (init) -> 1263 (map).
[27апр.2026 21:37:34.476] [Render thread/DEBUG] [net.minecraftforge.registries.ForgeRegistry/REGISTRIES]: Registry minecraft:item: Fixed minecraft:item id mismatch inventory:ddr_belt: 1260 (init) -> 1275 (map).
[27апр.2026 21:37:34.476] [Render thread/DEBUG] [net.minecraftforge.registries.ForgeRegistry/REGISTRIES]: Registry minecraft:item: Fixed minecraft:item id mismatch inventory:desert_cap: 1291 (init) -> 1267 (map).
[27апр.2026 21:37:34.476] [Render thread/DEBUG] [net.minecraftforge.registries.ForgeRegistry/REGISTRIES]: Registry minecraft:item: Fixed minecraft:item id mismatch inventory:expedition_pack: 1288 (init) -> 1264 (map).
[27апр.2026 21:37:34.476] [Render thread/DEBUG] [net.minecraftforge.registries.ForgeRegistry/REGISTRIES]: Registry minecraft:item: Fixed minecraft:item id mismatch inventory:field_jacket: 1273 (init) -> 1259 (map).
[27апр.2026 21:37:34.476] [Render thread/DEBUG] [net.minecraftforge.registries.ForgeRegistry/REGISTRIES]: Registry minecraft:item: Fixed minecraft:item id mismatch inventory:helmet_6b47_desert_emr: 1266 (init) -> 1274 (map).
[27апр.2026 21:37:34.476] [Render thread/DEBUG] [net.minecraftforge.registries.ForgeRegistry/REGISTRIES]: Registry minecraft:item: Fixed minecraft:item id mismatch inventory:jeans_black: 1285 (init) -> 1293 (map).
[27апр.2026 21:37:34.476] [Render thread/DEBUG] [net.minecraftforge.registries.ForgeRegistry/REGISTRIES]: Registry minecraft:item: Fixed minecraft:item id mismatch inventory:m40_gasmask: 1267 (init) -> 1280 (map).
[27апр.2026 21:37:34.476] [Render thread/DEBUG] [net.minecraftforge.registries.ForgeRegistry/REGISTRIES]: Registry minecraft:item: Fixed minecraft:item id mismatch inventory:patrol_jacket: 1286 (init) -> 1262 (map).
[27апр.2026 21:37:34.476] [Render thread/DEBUG] [net.minecraftforge.registries.ForgeRegistry/REGISTRIES]: Registry minecraft:item: Fixed minecraft:item id mismatch inventory:reinforced_cargo_pants: 1289 (init) -> 1265 (map).
[27апр.2026 21:37:34.476] [Render thread/DEBUG] [net.minecraftforge.registries.ForgeRegistry/REGISTRIES]: Registry minecraft:item: Fixed minecraft:item id mismatch inventory:rubber_boots_chemical_protection: 1283 (init) -> 1285 (map).
[27апр.2026 21:37:34.476] [Render thread/DEBUG] [net.minecraftforge.registries.ForgeRegistry/REGISTRIES]: Registry minecraft:item: Fixed minecraft:item id mismatch inventory:rubber_gloves_chemical_protection: 1282 (init) -> 1284 (map).
[27апр.2026 21:37:34.476] [Render thread/DEBUG] [net.minecraftforge.registries.ForgeRegistry/REGISTRIES]: Registry minecraft:item: Fixed minecraft:item id mismatch inventory:shirt_blue: 1276 (init) -> 1289 (map).
[27апр.2026 21:37:34.476] [Render thread/DEBUG] [net.minecraftforge.registries.ForgeRegistry/REGISTRIES]: Registry minecraft:item: Fixed minecraft:item id mismatch inventory:shirt_green: 1275 (init) -> 1288 (map).
[27апр.2026 21:37:34.476] [Render thread/DEBUG] [net.minecraftforge.registries.ForgeRegistry/REGISTRIES]: Registry minecraft:item: Fixed minecraft:item id mismatch inventory:shirt_red: 1274 (init) -> 1287 (map).
[27апр.2026 21:37:34.476] [Render thread/DEBUG] [net.minecraftforge.registries.ForgeRegistry/REGISTRIES]: Registry minecraft:item: Fixed minecraft:item id mismatch inventory:sneakers_blue: 1281 (init) -> 1292 (map).
[27апр.2026 21:37:34.476] [Render thread/DEBUG] [net.minecraftforge.registries.ForgeRegistry/REGISTRIES]: Registry minecraft:item: Fixed minecraft:item id mismatch inventory:sneakers_green: 1280 (init) -> 1291 (map).
[27апр.2026 21:37:34.477] [Render thread/DEBUG] [net.minecraftforge.registries.ForgeRegistry/REGISTRIES]: Registry minecraft:item: Fixed minecraft:item id mismatch inventory:sneakers_red: 1279 (init) -> 1290 (map).
[27апр.2026 21:37:34.477] [Render thread/DEBUG] [net.minecraftforge.registries.ForgeRegistry/REGISTRIES]: Registry minecraft:item: Fixed minecraft:item id mismatch inventory:tactical_boots: 1278 (init) -> 1272 (map).
[27апр.2026 21:37:34.477] [Render thread/DEBUG] [net.minecraftforge.registries.ForgeRegistry/REGISTRIES]: Registry minecraft:item: Fixed minecraft:item id mismatch inventory:tactical_gloves: 1277 (init) -> 1260 (map).
[27апр.2026 21:37:34.477] [Render thread/DEBUG] [net.minecraftforge.registries.ForgeRegistry/REGISTRIES]: Registry minecraft:item: Fixed minecraft:item id mismatch inventory:tactical_helmet_desert: 1265 (init) -> 1273 (map).
[27апр.2026 21:37:34.477] [Render thread/DEBUG] [net.minecraftforge.registries.ForgeRegistry/REGISTRIES]: Registry minecraft:item: Fixed minecraft:item id mismatch inventory:tactical_vest: 1258 (init) -> 1270 (map).
[27апр.2026 21:37:34.477] [Render thread/DEBUG] [net.minecraftforge.registries.ForgeRegistry/REGISTRIES]: Registry minecraft:item: Fixed minecraft:item id mismatch inventory:tactical_vest_black: 1259 (init) -> 1271 (map).
[27апр.2026 21:37:34.477] [Render thread/DEBUG] [net.minecraftforge.registries.ForgeRegistry/REGISTRIES]: Registry minecraft:item: Fixed minecraft:item id mismatch inventory:travel_backpack: 1272 (init) -> 1258 (map).
[27апр.2026 21:37:34.477] [Render thread/DEBUG] [net.minecraftforge.registries.ForgeRegistry/REGISTRIES]: Registry minecraft:item: Fixed minecraft:item id mismatch inventory:usa_hazmat_cap: 1268 (init) -> 1281 (map).
[27апр.2026 21:37:34.477] [Render thread/DEBUG] [net.minecraftforge.registries.ForgeRegistry/REGISTRIES]: Registry minecraft:item: Fixed minecraft:item id mismatch inventory:usa_hazmat_chestplate: 1269 (init) -> 1282 (map).
[27апр.2026 21:37:34.477] [Render thread/DEBUG] [net.minecraftforge.registries.ForgeRegistry/REGISTRIES]: Registry minecraft:item: Fixed minecraft:item id mismatch inventory:usa_hazmat_leggings: 1270 (init) -> 1283 (map).
[27апр.2026 21:37:34.477] [Render thread/DEBUG] [net.minecraftforge.registries.ForgeRegistry/REGISTRIES]: Registry minecraft:item: Fixed minecraft:item id mismatch inventory:vest_6b2_tan: 1263 (init) -> 1278 (map).
[27апр.2026 21:37:34.477] [Render thread/DEBUG] [net.minecraftforge.registries.ForgeRegistry/REGISTRIES]: Registry minecraft:item: Fixed minecraft:item id mismatch inventory:vest_6sh117_desert: 1262 (init) -> 1277 (map).
[27апр.2026 21:37:34.477] [Render thread/DEBUG] [net.minecraftforge.registries.ForgeRegistry/REGISTRIES]: Registry minecraft:item: Fixed minecraft:item id mismatch inventory:vest_lifchik: 1261 (init) -> 1276 (map).
[27апр.2026 21:37:34.477] [Render thread/DEBUG] [net.minecraftforge.registries.ForgeRegistry/REGISTRIES]: Registry minecraft:item: Fixed minecraft:item id mismatch inventory:vest_plate_carrier_desert: 1264 (init) -> 1279 (map).
[27апр.2026 21:37:34.477] [Render thread/DEBUG] [net.minecraftforge.registries.ForgeRegistry/REGISTRIES]: Registry minecraft:item: Fixed minecraft:item id mismatch inventory:work_gloves: 1290 (init) -> 1266 (map).
[27апр.2026 21:37:34.509] [Render thread/DEBUG] [net.minecraftforge.registries.ForgeRegistry/REGISTRIES]: Registry minecraft:block Sync: ACTIVE -> STAGING
[27апр.2026 21:37:34.513] [Render thread/DEBUG] [net.minecraftforge.registries.ForgeRegistry/REGISTRIES]: Registry minecraft:fluid Sync: ACTIVE -> STAGING
[27апр.2026 21:37:34.513] [Render thread/DEBUG] [net.minecraftforge.registries.ForgeRegistry/REGISTRIES]: Registry minecraft:item Sync: ACTIVE -> STAGING
[27апр.2026 21:37:34.518] [Render thread/DEBUG] [net.minecraftforge.registries.ForgeRegistry/REGISTRIES]: Registry minecraft:mob_effect Sync: ACTIVE -> STAGING
[27апр.2026 21:37:34.518] [Render thread/DEBUG] [net.minecraftforge.registries.ForgeRegistry/REGISTRIES]: Registry minecraft:sound_event Sync: ACTIVE -> STAGING
[27апр.2026 21:37:34.521] [Render thread/DEBUG] [net.minecraftforge.registries.ForgeRegistry/REGISTRIES]: Registry minecraft:potion Sync: ACTIVE -> STAGING
[27апр.2026 21:37:34.522] [Render thread/DEBUG] [net.minecraftforge.registries.ForgeRegistry/REGISTRIES]: Registry minecraft:enchantment Sync: ACTIVE -> STAGING
[27апр.2026 21:37:34.522] [Render thread/DEBUG] [net.minecraftforge.registries.ForgeRegistry/REGISTRIES]: Registry minecraft:entity_type Sync: ACTIVE -> STAGING
[27апр.2026 21:37:34.522] [Render thread/DEBUG] [net.minecraftforge.registries.ForgeRegistry/REGISTRIES]: Registry minecraft:block_entity_type Sync: ACTIVE -> STAGING
[27апр.2026 21:37:34.522] [Render thread/DEBUG] [net.minecraftforge.registries.ForgeRegistry/REGISTRIES]: Registry minecraft:particle_type Sync: ACTIVE -> STAGING
[27апр.2026 21:37:34.523] [Render thread/DEBUG] [net.minecraftforge.registries.ForgeRegistry/REGISTRIES]: Registry minecraft:menu Sync: ACTIVE -> STAGING
[27апр.2026 21:37:34.523] [Render thread/DEBUG] [net.minecraftforge.registries.ForgeRegistry/REGISTRIES]: Registry minecraft:painting_variant Sync: ACTIVE -> STAGING
[27апр.2026 21:37:34.523] [Render thread/DEBUG] [net.minecraftforge.registries.ForgeRegistry/REGISTRIES]: Registry minecraft:recipe_type Sync: ACTIVE -> STAGING
[27апр.2026 21:37:34.523] [Render thread/DEBUG] [net.minecraftforge.registries.ForgeRegistry/REGISTRIES]: Registry minecraft:recipe_serializer Sync: ACTIVE -> STAGING
[27апр.2026 21:37:34.523] [Render thread/DEBUG] [net.minecraftforge.registries.ForgeRegistry/REGISTRIES]: Registry minecraft:attribute Sync: ACTIVE -> STAGING
[27апр.2026 21:37:34.523] [Render thread/DEBUG] [net.minecraftforge.registries.ForgeRegistry/REGISTRIES]: Registry minecraft:stat_type Sync: ACTIVE -> STAGING
[27апр.2026 21:37:34.523] [Render thread/DEBUG] [net.minecraftforge.registries.ForgeRegistry/REGISTRIES]: Registry minecraft:command_argument_type Sync: ACTIVE -> STAGING
[27апр.2026 21:37:34.523] [Render thread/DEBUG] [net.minecraftforge.registries.ForgeRegistry/REGISTRIES]: Registry minecraft:villager_profession Sync: ACTIVE -> STAGING
[27апр.2026 21:37:34.523] [Render thread/DEBUG] [net.minecraftforge.registries.ForgeRegistry/REGISTRIES]: Registry minecraft:point_of_interest_type Sync: ACTIVE -> STAGING
[27апр.2026 21:37:34.524] [Render thread/DEBUG] [net.minecraftforge.registries.ForgeRegistry/REGISTRIES]: Registry minecraft:memory_module_type Sync: ACTIVE -> STAGING
[27апр.2026 21:37:34.525] [Render thread/DEBUG] [net.minecraftforge.registries.ForgeRegistry/REGISTRIES]: Registry minecraft:sensor_type Sync: ACTIVE -> STAGING
[27апр.2026 21:37:34.525] [Render thread/DEBUG] [net.minecraftforge.registries.ForgeRegistry/REGISTRIES]: Registry minecraft:schedule Sync: ACTIVE -> STAGING
[27апр.2026 21:37:34.525] [Render thread/DEBUG] [net.minecraftforge.registries.ForgeRegistry/REGISTRIES]: Registry minecraft:activity Sync: ACTIVE -> STAGING
[27апр.2026 21:37:34.525] [Render thread/DEBUG] [net.minecraftforge.registries.ForgeRegistry/REGISTRIES]: Registry minecraft:worldgen/carver Sync: ACTIVE -> STAGING
[27апр.2026 21:37:34.525] [Render thread/DEBUG] [net.minecraftforge.registries.ForgeRegistry/REGISTRIES]: Registry minecraft:worldgen/feature Sync: ACTIVE -> STAGING
[27апр.2026 21:37:34.525] [Render thread/DEBUG] [net.minecraftforge.registries.ForgeRegistry/REGISTRIES]: Registry minecraft:chunk_status Sync: ACTIVE -> STAGING
[27апр.2026 21:37:34.525] [Render thread/DEBUG] [net.minecraftforge.registries.ForgeRegistry/REGISTRIES]: Registry minecraft:worldgen/block_state_provider_type Sync: ACTIVE -> STAGING
[27апр.2026 21:37:34.525] [Render thread/DEBUG] [net.minecraftforge.registries.ForgeRegistry/REGISTRIES]: Registry minecraft:worldgen/foliage_placer_type Sync: ACTIVE -> STAGING
[27апр.2026 21:37:34.525] [Render thread/DEBUG] [net.minecraftforge.registries.ForgeRegistry/REGISTRIES]: Registry minecraft:worldgen/tree_decorator_type Sync: ACTIVE -> STAGING
[27апр.2026 21:37:34.525] [Render thread/DEBUG] [net.minecraftforge.registries.ForgeRegistry/REGISTRIES]: Registry minecraft:worldgen/biome Sync: ACTIVE -> STAGING
[27апр.2026 21:37:34.525] [Render thread/DEBUG] [net.minecraftforge.registries.ForgeRegistry/REGISTRIES]: Registry forge:entity_data_serializers Sync: ACTIVE -> STAGING
[27апр.2026 21:37:34.525] [Render thread/DEBUG] [net.minecraftforge.registries.ForgeRegistry/REGISTRIES]: Registry forge:global_loot_modifier_serializers Sync: ACTIVE -> STAGING
[27апр.2026 21:37:34.525] [Render thread/DEBUG] [net.minecraftforge.registries.ForgeRegistry/REGISTRIES]: Registry forge:biome_modifier_serializers Sync: ACTIVE -> STAGING
[27апр.2026 21:37:34.525] [Render thread/DEBUG] [net.minecraftforge.registries.ForgeRegistry/REGISTRIES]: Registry forge:fluid_type Sync: ACTIVE -> STAGING
[27апр.2026 21:37:34.525] [Render thread/DEBUG] [net.minecraftforge.registries.ForgeRegistry/REGISTRIES]: Registry forge:structure_modifier_serializers Sync: ACTIVE -> STAGING
[27апр.2026 21:37:34.525] [Render thread/DEBUG] [net.minecraftforge.registries.ForgeRegistry/REGISTRIES]: Registry forge:holder_set_type Sync: ACTIVE -> STAGING
[27апр.2026 21:37:34.525] [Render thread/DEBUG] [net.minecraftforge.registries.ForgeRegistry/REGISTRIES]: Registry forge:display_contexts Sync: ACTIVE -> STAGING
[27апр.2026 21:37:34.713] [Render thread/DEBUG] [net.minecraftforge.registries.ObjectHolderRegistry/REGISTRIES]: Applying holder lookups
[27апр.2026 21:37:34.717] [Render thread/DEBUG] [net.minecraftforge.registries.ObjectHolderRegistry/REGISTRIES]: Holder lookups applied
[27апр.2026 21:37:34.738] [Render thread/DEBUG] [net.minecraftforge.server.ServerLifecycleHooks/CORE]: Generating PackInfo named mod:forge for mod file /
[27апр.2026 21:37:34.740] [Render thread/DEBUG] [net.minecraftforge.server.ServerLifecycleHooks/CORE]: Generating PackInfo named mod:inventory for mod file C:\Users\GameBox\Documents\programist\minecraft apocalipsis\inventory_expended\inventory_project\build\resources\main
[27апр.2026 21:37:35.302] [Render thread/DEBUG] [net.minecraftforge.coremod.transformer.CoreModBaseTransformer/COREMOD]: Transforming net/minecraft/server/commands/SummonCommand
[27апр.2026 21:37:35.364] [Render thread/INFO] [org.inventory.inventory.event.ServerEventHandler/]: [ServerEventHandler] registered data reload listener
[27апр.2026 21:37:35.499] [Worker-Main-6/DEBUG] [net.minecraftforge.coremod.transformer.CoreModBaseTransformer/COREMOD]: Transforming net/minecraft/world/entity/raid/Raid
[27апр.2026 21:37:35.612] [Render thread/INFO] [net.minecraft.world.item.crafting.RecipeManager/]: Loaded 7 recipes
[27апр.2026 21:37:35.689] [Render thread/INFO] [net.minecraft.advancements.AdvancementList/]: Loaded 1271 advancements
[27апр.2026 21:37:35.709] [Render thread/INFO] [org.inventory.inventory.data.DataDrivenContentLoader/]: [DataLoader] loaded categories=1 cards=12 storageProfiles=19 protectionItems=33 issues=0
[27апр.2026 21:37:35.891] [Render thread/DEBUG] [net.minecraftforge.common.ForgeHooks/WP]: Gathering id map for writing to world save Новый мир
[27апр.2026 21:37:35.898] [Render thread/DEBUG] [net.minecraftforge.common.ForgeHooks/WP]: ID Map collection complete Новый мир
[27апр.2026 21:37:35.937] [Server thread/INFO] [net.minecraft.client.server.IntegratedServer/]: Starting integrated minecraft server version 1.20.1
[27апр.2026 21:37:35.937] [Server thread/INFO] [net.minecraft.server.MinecraftServer/]: Generating keypair
[27апр.2026 21:37:35.978] [Server thread/DEBUG] [net.minecraftforge.fml.config.ConfigTracker/CONFIG]: Loading configs type SERVER
[27апр.2026 21:37:35.978] [Server thread/DEBUG] [net.minecraftforge.fml.config.ConfigFileTypeHandler/CONFIG]: Built TOML config for .\saves\Новый мир (2)\serverconfig\forge-server.toml
[27апр.2026 21:37:35.979] [Server thread/DEBUG] [net.minecraftforge.fml.config.ConfigFileTypeHandler/CONFIG]: Loaded TOML config file .\saves\Новый мир (2)\serverconfig\forge-server.toml
[27апр.2026 21:37:35.979] [Server thread/DEBUG] [net.minecraftforge.fml.config.ConfigFileTypeHandler/CONFIG]: Watching TOML config file .\saves\Новый мир (2)\serverconfig\forge-server.toml for changes
[27апр.2026 21:37:35.979] [Server thread/DEBUG] [net.minecraftforge.common.ForgeConfig/FORGEMOD]: Loaded forge config file forge-server.toml
[27апр.2026 21:37:36.015] [Server thread/DEBUG] [net.minecraftforge.coremod.transformer.CoreModBaseTransformer/COREMOD]: Transforming net/minecraft/world/level/levelgen/PhantomSpawner
[27апр.2026 21:37:36.018] [Server thread/DEBUG] [net.minecraftforge.coremod.transformer.CoreModBaseTransformer/COREMOD]: Transforming net/minecraft/world/level/levelgen/PatrolSpawner
[27апр.2026 21:37:36.020] [Server thread/DEBUG] [net.minecraftforge.coremod.transformer.CoreModBaseTransformer/COREMOD]: Transforming net/minecraft/world/entity/npc/CatSpawner
[27апр.2026 21:37:36.022] [Server thread/DEBUG] [net.minecraftforge.coremod.transformer.CoreModBaseTransformer/COREMOD]: Transforming net/minecraft/world/entity/ai/village/VillageSiege
[27апр.2026 21:37:36.585] [Server thread/INFO] [net.minecraft.server.MinecraftServer/]: Preparing start region for dimension minecraft:overworld
[27апр.2026 21:37:38.037] [Render thread/INFO] [net.minecraft.server.level.progress.LoggerChunkProgressListener/]: Подготовка области возрождения: 0%
[27апр.2026 21:37:38.054] [Render thread/INFO] [net.minecraft.server.level.progress.LoggerChunkProgressListener/]: Подготовка области возрождения: 0%
[27апр.2026 21:37:38.054] [Render thread/INFO] [net.minecraft.server.level.progress.LoggerChunkProgressListener/]: Подготовка области возрождения: 0%
[27апр.2026 21:37:38.076] [Server thread/DEBUG] [net.minecraftforge.coremod.transformer.CoreModBaseTransformer/COREMOD]: Transforming net/minecraft/world/level/levelgen/structure/templatesystem/StructureTemplate
[27апр.2026 21:37:38.106] [Render thread/INFO] [net.minecraft.server.level.progress.LoggerChunkProgressListener/]: Подготовка области возрождения: 0%
[27апр.2026 21:37:38.588] [Render thread/INFO] [net.minecraft.server.level.progress.LoggerChunkProgressListener/]: Подготовка области возрождения: 10%
[27апр.2026 21:37:38.903] [Server thread/INFO] [net.minecraftforge.server.permission.PermissionAPI/]: Successfully initialized permission handler forge:default_handler
[27апр.2026 21:37:38.903] [Server thread/INFO] [org.inventory.inventory.Inventory/]: [Inventory] server starting
[27апр.2026 21:37:38.914] [Render thread/INFO] [net.minecraft.server.level.progress.LoggerChunkProgressListener/]: Time elapsed: 2326 ms
[27апр.2026 21:37:38.922] [Server thread/INFO] [org.inventory.inventory.data.DataDrivenContentLoader/]: [DataLoader] loaded categories=1 cards=12 storageProfiles=19 protectionItems=33 issues=0
[27апр.2026 21:37:38.961] [Server thread/DEBUG] [io.netty.buffer.AbstractByteBuf/]: -Dio.netty.buffer.checkAccessible: true
[27апр.2026 21:37:38.961] [Server thread/DEBUG] [io.netty.buffer.AbstractByteBuf/]: -Dio.netty.buffer.checkBounds: true
[27апр.2026 21:37:38.962] [Server thread/DEBUG] [io.netty.util.ResourceLeakDetectorFactory/]: Loaded default ResourceLeakDetector: io.netty.util.ResourceLeakDetector@38ff8daf
[27апр.2026 21:37:38.973] [Server thread/DEBUG] [net.minecraftforge.coremod.transformer.CoreModBaseTransformer/COREMOD]: Transforming net/minecraft/world/level/NaturalSpawner
[27апр.2026 21:37:39.008] [Server thread/INFO] [net.minecraft.client.server.IntegratedServer/]: Changing view distance to 12, from 10
[27апр.2026 21:37:39.010] [Server thread/INFO] [net.minecraft.client.server.IntegratedServer/]: Changing simulation distance to 12, from 0
[27апр.2026 21:37:39.037] [Render thread/DEBUG] [io.netty.channel.MultithreadEventLoopGroup/]: -Dio.netty.eventLoopThreads: 40
[27апр.2026 21:37:39.060] [Render thread/DEBUG] [io.netty.util.internal.InternalThreadLocalMap/]: -Dio.netty.threadLocalMap.stringBuilder.initialSize: 1024
[27апр.2026 21:37:39.061] [Render thread/DEBUG] [io.netty.util.internal.InternalThreadLocalMap/]: -Dio.netty.threadLocalMap.stringBuilder.maxSize: 4096
[27апр.2026 21:37:39.065] [Render thread/DEBUG] [io.netty.channel.nio.NioEventLoop/]: -Dio.netty.noKeySetOptimization: false
[27апр.2026 21:37:39.065] [Render thread/DEBUG] [io.netty.channel.nio.NioEventLoop/]: -Dio.netty.selectorAutoRebuildThreshold: 512
[27апр.2026 21:37:39.069] [Render thread/DEBUG] [io.netty.util.internal.PlatformDependent/]: org.jctools-core.MpscChunkedArrayQueue: available
[27апр.2026 21:37:39.116] [Render thread/DEBUG] [io.netty.channel.DefaultChannelId/]: -Dio.netty.processId: 7204 (auto-detected)
[27апр.2026 21:37:39.119] [Render thread/WARN] [io.netty.util.internal.SystemPropertyUtil/]: Unable to parse the boolean system property 'java.net.preferIPv6Addresses':system - using the default value: false
[27апр.2026 21:37:39.119] [Render thread/DEBUG] [io.netty.util.NetUtil/]: -Djava.net.preferIPv4Stack: false
[27апр.2026 21:37:39.120] [Render thread/DEBUG] [io.netty.util.NetUtil/]: -Djava.net.preferIPv6Addresses: false
[27апр.2026 21:37:39.131] [Render thread/DEBUG] [io.netty.util.NetUtilInitializations/]: Loopback interface: lo (Software Loopback Interface 1, 127.0.0.1)
[27апр.2026 21:37:39.133] [Render thread/DEBUG] [io.netty.util.NetUtil/]: Failed to get SOMAXCONN from sysctl and file \proc\sys\net\core\somaxconn. Default: 200
[27апр.2026 21:37:39.175] [Render thread/DEBUG] [io.netty.channel.DefaultChannelId/]: -Dio.netty.machineId: 00:00:00:00:00:00:00:e0 (auto-detected)
[27апр.2026 21:37:39.236] [Render thread/DEBUG] [io.netty.buffer.PooledByteBufAllocator/]: -Dio.netty.allocator.numHeapArenas: 40
[27апр.2026 21:37:39.236] [Render thread/DEBUG] [io.netty.buffer.PooledByteBufAllocator/]: -Dio.netty.allocator.numDirectArenas: 40
[27апр.2026 21:37:39.236] [Render thread/DEBUG] [io.netty.buffer.PooledByteBufAllocator/]: -Dio.netty.allocator.pageSize: 8192
[27апр.2026 21:37:39.236] [Render thread/DEBUG] [io.netty.buffer.PooledByteBufAllocator/]: -Dio.netty.allocator.maxOrder: 9
[27апр.2026 21:37:39.236] [Render thread/DEBUG] [io.netty.buffer.PooledByteBufAllocator/]: -Dio.netty.allocator.chunkSize: 4194304
[27апр.2026 21:37:39.236] [Render thread/DEBUG] [io.netty.buffer.PooledByteBufAllocator/]: -Dio.netty.allocator.smallCacheSize: 256
[27апр.2026 21:37:39.236] [Render thread/DEBUG] [io.netty.buffer.PooledByteBufAllocator/]: -Dio.netty.allocator.normalCacheSize: 64
[27апр.2026 21:37:39.236] [Render thread/DEBUG] [io.netty.buffer.PooledByteBufAllocator/]: -Dio.netty.allocator.maxCachedBufferCapacity: 32768
[27апр.2026 21:37:39.236] [Render thread/DEBUG] [io.netty.buffer.PooledByteBufAllocator/]: -Dio.netty.allocator.cacheTrimInterval: 8192
[27апр.2026 21:37:39.236] [Render thread/DEBUG] [io.netty.buffer.PooledByteBufAllocator/]: -Dio.netty.allocator.cacheTrimIntervalMillis: 0
[27апр.2026 21:37:39.236] [Render thread/DEBUG] [io.netty.buffer.PooledByteBufAllocator/]: -Dio.netty.allocator.useCacheForAllThreads: false
[27апр.2026 21:37:39.236] [Render thread/DEBUG] [io.netty.buffer.PooledByteBufAllocator/]: -Dio.netty.allocator.maxCachedByteBuffersPerChunk: 1023
[27апр.2026 21:37:39.278] [Render thread/DEBUG] [io.netty.buffer.ByteBufUtil/]: -Dio.netty.allocator.type: pooled
[27апр.2026 21:37:39.278] [Render thread/DEBUG] [io.netty.buffer.ByteBufUtil/]: -Dio.netty.threadLocalDirectBufferSize: 0
[27апр.2026 21:37:39.278] [Render thread/DEBUG] [io.netty.buffer.ByteBufUtil/]: -Dio.netty.maxThreadLocalCharBufferSize: 16384
[27апр.2026 21:37:39.347] [Netty Local Client IO #0/DEBUG] [net.minecraftforge.network.HandshakeHandler/FMLHANDSHAKE]: Starting local connection.
[27апр.2026 21:37:39.689] [Netty Local Client IO #0/DEBUG] [io.netty.util.Recycler/]: -Dio.netty.recycler.maxCapacityPerThread: 4096
[27апр.2026 21:37:39.689] [Netty Local Client IO #0/DEBUG] [io.netty.util.Recycler/]: -Dio.netty.recycler.ratio: 8
[27апр.2026 21:37:39.689] [Netty Local Client IO #0/DEBUG] [io.netty.util.Recycler/]: -Dio.netty.recycler.chunkSize: 32
[27апр.2026 21:37:39.689] [Netty Local Client IO #0/DEBUG] [io.netty.util.Recycler/]: -Dio.netty.recycler.blocking: false
[27апр.2026 21:37:39.714] [Netty Server IO #1/DEBUG] [net.minecraftforge.network.HandshakeHandler/FMLHANDSHAKE]: Starting local connection.
[27апр.2026 21:37:39.752] [Server thread/DEBUG] [net.minecraftforge.network.HandshakeHandler/FMLHANDSHAKE]: Sending ticking packet info 'net.minecraftforge.network.HandshakeMessages$S2CModData' to 'fml:handshake' sequence 0
[27апр.2026 21:37:39.759] [Netty Local Client IO #0/DEBUG] [net.minecraftforge.network.LoginWrapper/FMLHANDSHAKE]: Recieved login wrapper packet event for channel fml:handshake with index 0
[27апр.2026 21:37:39.788] [Server thread/DEBUG] [net.minecraftforge.network.HandshakeHandler/FMLHANDSHAKE]: Sending ticking packet info 'net.minecraftforge.network.HandshakeMessages$S2CModList' to 'fml:handshake' sequence 1
[27апр.2026 21:37:39.788] [Netty Local Client IO #0/DEBUG] [net.minecraftforge.network.LoginWrapper/FMLHANDSHAKE]: Recieved login wrapper packet event for channel fml:handshake with index 1
[27апр.2026 21:37:39.789] [Netty Local Client IO #0/DEBUG] [net.minecraftforge.network.HandshakeHandler/FMLHANDSHAKE]: Logging into server with mod list [minecraft, forge, inventory]
[27апр.2026 21:37:39.792] [Netty Local Client IO #0/DEBUG] [net.minecraftforge.network.NetworkRegistry/NETREGISTRY]: Channel 'fml:loginwrapper' : Version test of 'FML3' from server : ACCEPTED
[27апр.2026 21:37:39.792] [Netty Local Client IO #0/DEBUG] [net.minecraftforge.network.NetworkRegistry/NETREGISTRY]: Channel 'forge:tier_sorting' : Version test of '1.0' from server : ACCEPTED
[27апр.2026 21:37:39.792] [Netty Local Client IO #0/DEBUG] [net.minecraftforge.network.NetworkRegistry/NETREGISTRY]: Channel 'fml:handshake' : Version test of 'FML3' from server : ACCEPTED
[27апр.2026 21:37:39.792] [Netty Local Client IO #0/DEBUG] [net.minecraftforge.network.NetworkRegistry/NETREGISTRY]: Channel 'minecraft:unregister' : Version test of 'FML3' from server : ACCEPTED
[27апр.2026 21:37:39.792] [Netty Local Client IO #0/DEBUG] [net.minecraftforge.network.NetworkRegistry/NETREGISTRY]: Channel 'fml:play' : Version test of 'FML3' from server : ACCEPTED
[27апр.2026 21:37:39.792] [Netty Local Client IO #0/DEBUG] [net.minecraftforge.network.NetworkRegistry/NETREGISTRY]: Channel 'minecraft:register' : Version test of 'FML3' from server : ACCEPTED
[27апр.2026 21:37:39.792] [Netty Local Client IO #0/DEBUG] [net.minecraftforge.network.NetworkRegistry/NETREGISTRY]: Channel 'forge:split' : Version test of '1.1' from server : ACCEPTED
[27апр.2026 21:37:39.792] [Netty Local Client IO #0/DEBUG] [net.minecraftforge.network.NetworkRegistry/NETREGISTRY]: Channel 'inventory:main' : Version test of '3' from server : ACCEPTED
[27апр.2026 21:37:39.792] [Netty Local Client IO #0/DEBUG] [net.minecraftforge.network.NetworkRegistry/NETREGISTRY]: Accepting channel list from server
[27апр.2026 21:37:39.795] [Netty Local Client IO #0/DEBUG] [net.minecraftforge.network.LoginWrapper/FMLHANDSHAKE]: Dispatching wrapped packet reply for channel fml:handshake with index 1
[27апр.2026 21:37:39.795] [Netty Local Client IO #0/DEBUG] [net.minecraftforge.network.HandshakeHandler/FMLHANDSHAKE]: Accepted server connection
[27апр.2026 21:37:39.795] [Netty Server IO #1/DEBUG] [net.minecraftforge.network.LoginWrapper/FMLHANDSHAKE]: Recieved login wrapper packet event for channel fml:handshake with index 1
[27апр.2026 21:37:39.795] [Netty Server IO #1/DEBUG] [net.minecraftforge.network.HandshakeHandler/FMLHANDSHAKE]: Received client indexed reply 1 of type net.minecraftforge.network.HandshakeMessages$C2SModListReply
[27апр.2026 21:37:39.795] [Netty Server IO #1/DEBUG] [net.minecraftforge.network.HandshakeHandler/FMLHANDSHAKE]: Received client connection with modlist [minecraft, forge, inventory]
[27апр.2026 21:37:39.796] [Netty Server IO #1/DEBUG] [net.minecraftforge.network.NetworkRegistry/NETREGISTRY]: Channel 'fml:loginwrapper' : Version test of 'FML3' from client : ACCEPTED
[27апр.2026 21:37:39.796] [Netty Server IO #1/DEBUG] [net.minecraftforge.network.NetworkRegistry/NETREGISTRY]: Channel 'forge:tier_sorting' : Version test of '1.0' from client : ACCEPTED
[27апр.2026 21:37:39.796] [Netty Server IO #1/DEBUG] [net.minecraftforge.network.NetworkRegistry/NETREGISTRY]: Channel 'fml:handshake' : Version test of 'FML3' from client : ACCEPTED
[27апр.2026 21:37:39.796] [Netty Local Client IO #0/DEBUG] [net.minecraftforge.network.HandshakeHandler/REGISTRIES]: Expecting 19 registries: [minecraft:command_argument_type, minecraft:recipe_serializer, minecraft:sound_event, minecraft:particle_type, minecraft:villager_profession, minecraft:item, minecraft:potion, minecraft:painting_variant, forge:fluid_type, minecraft:block_entity_type, forge:display_contexts, minecraft:block, forge:entity_data_serializers, minecraft:mob_effect, minecraft:stat_type, minecraft:menu, minecraft:enchantment, minecraft:fluid, minecraft:entity_type]
[27апр.2026 21:37:39.796] [Netty Server IO #1/DEBUG] [net.minecraftforge.network.NetworkRegistry/NETREGISTRY]: Channel 'minecraft:unregister' : Version test of 'FML3' from client : ACCEPTED
[27апр.2026 21:37:39.796] [Netty Server IO #1/DEBUG] [net.minecraftforge.network.NetworkRegistry/NETREGISTRY]: Channel 'fml:play' : Version test of 'FML3' from client : ACCEPTED
[27апр.2026 21:37:39.796] [Netty Server IO #1/DEBUG] [net.minecraftforge.network.NetworkRegistry/NETREGISTRY]: Channel 'minecraft:register' : Version test of 'FML3' from client : ACCEPTED
[27апр.2026 21:37:39.796] [Netty Server IO #1/DEBUG] [net.minecraftforge.network.NetworkRegistry/NETREGISTRY]: Channel 'forge:split' : Version test of '1.1' from client : ACCEPTED
[27апр.2026 21:37:39.796] [Netty Server IO #1/DEBUG] [net.minecraftforge.network.NetworkRegistry/NETREGISTRY]: Channel 'inventory:main' : Version test of '3' from client : ACCEPTED
[27апр.2026 21:37:39.796] [Netty Server IO #1/DEBUG] [net.minecraftforge.network.NetworkRegistry/NETREGISTRY]: Accepting channel list from client
[27апр.2026 21:37:39.797] [Netty Server IO #1/DEBUG] [net.minecraftforge.network.HandshakeHandler/FMLHANDSHAKE]: Accepted client connection mod list
[27апр.2026 21:37:39.845] [Server thread/DEBUG] [net.minecraftforge.network.HandshakeHandler/FMLHANDSHAKE]: Sending ticking packet info 'Config forge-server.toml' to 'fml:handshake' sequence 2
[27апр.2026 21:37:39.846] [Netty Local Client IO #0/DEBUG] [net.minecraftforge.network.LoginWrapper/FMLHANDSHAKE]: Recieved login wrapper packet event for channel fml:handshake with index 2
[27апр.2026 21:37:39.846] [Netty Local Client IO #0/DEBUG] [net.minecraftforge.network.HandshakeHandler/FMLHANDSHAKE]: Received config sync from server
[27апр.2026 21:37:39.846] [Netty Local Client IO #0/DEBUG] [net.minecraftforge.network.LoginWrapper/FMLHANDSHAKE]: Dispatching wrapped packet reply for channel fml:handshake with index 2
[27апр.2026 21:37:39.846] [Netty Server IO #1/DEBUG] [net.minecraftforge.network.LoginWrapper/FMLHANDSHAKE]: Recieved login wrapper packet event for channel fml:handshake with index 2
[27апр.2026 21:37:39.846] [Netty Server IO #1/DEBUG] [net.minecraftforge.network.HandshakeHandler/FMLHANDSHAKE]: Received client indexed reply 2 of type net.minecraftforge.network.HandshakeMessages$C2SAcknowledge
[27апр.2026 21:37:39.846] [Netty Server IO #1/DEBUG] [net.minecraftforge.network.HandshakeHandler/FMLHANDSHAKE]: Received acknowledgement from client
[27апр.2026 21:37:39.900] [Server thread/DEBUG] [net.minecraftforge.network.HandshakeHandler/FMLHANDSHAKE]: Handshake complete!
[27апр.2026 21:37:39.942] [Netty Local Client IO #0/INFO] [net.minecraftforge.network.NetworkHooks/]: Connected to a modded server.
[27апр.2026 21:37:39.987] [Server thread/INFO] [net.minecraft.server.players.PlayerList/]: Dev[local:E:01c8b27f] logged in with entity id 274 at (27.002687626781153, 118.0, 73.83298707252801)
[27апр.2026 21:37:40.045] [Server thread/INFO] [net.minecraft.server.MinecraftServer/]: Dev присоединился к игре
[27апр.2026 21:37:40.138] [Server thread/DEBUG] [org.inventory.inventory.server.LoadoutSyncScheduler/]: [SyncScheduler] sent S2C_LoadoutSync player=Dev version=1024
[27апр.2026 21:37:40.140] [Server thread/DEBUG] [org.inventory.inventory.server.ArmorAttributeService/]: [ArmorService] item.inventory.usa_hazmat_cap +1.0 armor from ProtectionProfile slot=HEAD
[27апр.2026 21:37:40.141] [Server thread/DEBUG] [org.inventory.inventory.server.ArmorAttributeService/]: [ArmorService] item.inventory.m40_gasmask +1.0 armor from ProtectionProfile slot=FACE
[27апр.2026 21:37:40.141] [Server thread/DEBUG] [org.inventory.inventory.server.ArmorAttributeService/]: [ArmorService] item.inventory.usa_hazmat_chestplate +3.0 armor from ProtectionProfile slot=CHEST
[27апр.2026 21:37:40.141] [Server thread/DEBUG] [org.inventory.inventory.server.ArmorAttributeService/]: [ArmorService] item.inventory.ddr_belt +2.0 armor from ProtectionProfile slot=VEST
[27апр.2026 21:37:40.141] [Server thread/DEBUG] [org.inventory.inventory.server.ArmorAttributeService/]: [ArmorService] item.inventory.usa_hazmat_leggings +2.0 armor from ProtectionProfile slot=LEGS
[27апр.2026 21:37:40.141] [Server thread/DEBUG] [org.inventory.inventory.server.ArmorAttributeService/]: [ArmorService] applied armor=9.0 toughness=0.0 player=Dev
[27апр.2026 21:37:40.235] [Server thread/DEBUG] [io.netty.util.internal.ThreadLocalRandom/]: -Dio.netty.initialSeedUniquifier: 0x930f8e035805202b
[27апр.2026 21:37:40.569] [Render thread/DEBUG] [org.inventory.inventory.network.S2CLoadoutSyncPacket/]: [S2C_Sync] received serverVersion=1024
[27апр.2026 21:37:40.572] [Render thread/INFO] [net.minecraft.advancements.AdvancementList/]: Loaded 127 advancements
[27апр.2026 21:37:41.452] [Render thread/DEBUG] [org.inventory.inventory.event.ClientEventHandler/]: [ClientEvents] intercepting vanilla inventory — requesting custom UI
[27апр.2026 21:37:41.453] [Server thread/DEBUG] [org.inventory.inventory.network.C2SOpenInventoryPacket/]: [C2S_OpenInv] opening custom inventory for player=Dev
[27апр.2026 21:37:41.456] [Server thread/DEBUG] [org.inventory.inventory.server.ArmorAttributeService/]: [ArmorService] item.inventory.usa_hazmat_cap +1.0 armor from ProtectionProfile slot=HEAD
[27апр.2026 21:37:41.456] [Server thread/DEBUG] [org.inventory.inventory.server.ArmorAttributeService/]: [ArmorService] item.inventory.m40_gasmask +1.0 armor from ProtectionProfile slot=FACE
[27апр.2026 21:37:41.456] [Server thread/DEBUG] [org.inventory.inventory.server.ArmorAttributeService/]: [ArmorService] item.inventory.usa_hazmat_chestplate +3.0 armor from ProtectionProfile slot=CHEST
[27апр.2026 21:37:41.456] [Server thread/DEBUG] [org.inventory.inventory.server.ArmorAttributeService/]: [ArmorService] item.inventory.ddr_belt +2.0 armor from ProtectionProfile slot=VEST
[27апр.2026 21:37:41.456] [Server thread/DEBUG] [org.inventory.inventory.server.ArmorAttributeService/]: [ArmorService] item.inventory.usa_hazmat_leggings +2.0 armor from ProtectionProfile slot=LEGS
[27апр.2026 21:37:41.456] [Server thread/DEBUG] [org.inventory.inventory.server.ArmorAttributeService/]: [ArmorService] applied armor=9.0 toughness=0.0 player=Dev
[27апр.2026 21:37:41.457] [Server thread/DEBUG] [org.inventory.inventory.server.LoadoutSyncScheduler/]: [SyncScheduler] sent S2C_LoadoutSync player=Dev version=1024
[27апр.2026 21:37:41.461] [Server thread/DEBUG] [org.inventory.inventory.server.LoadoutSyncScheduler/]: [SyncScheduler] sent S2C_LoadoutSync player=Dev version=1024
[27апр.2026 21:37:41.509] [Render thread/DEBUG] [org.inventory.inventory.network.S2CLoadoutSyncPacket/]: [S2C_Sync] received serverVersion=1024
[27апр.2026 21:37:41.513] [Render thread/DEBUG] [org.inventory.inventory.network.S2CLoadoutSyncPacket/]: [S2C_Sync] received serverVersion=1024
[27апр.2026 21:37:41.513] [Render thread/DEBUG] [org.inventory.inventory.client.screen.InventoryScreen/]: [InventoryScreen] sync received version=1024
[27апр.2026 21:37:43.912] [Render thread/DEBUG] [org.inventory.inventory.event.ClientEventHandler/]: [ClientEvents] intercepting vanilla inventory — requesting custom UI
[27апр.2026 21:37:43.913] [Server thread/DEBUG] [org.inventory.inventory.network.C2SOpenInventoryPacket/]: [C2S_OpenInv] opening custom inventory for player=Dev
[27апр.2026 21:37:43.913] [Server thread/DEBUG] [org.inventory.inventory.server.ArmorAttributeService/]: [ArmorService] item.inventory.usa_hazmat_cap +1.0 armor from ProtectionProfile slot=HEAD
[27апр.2026 21:37:43.913] [Server thread/DEBUG] [org.inventory.inventory.server.ArmorAttributeService/]: [ArmorService] item.inventory.m40_gasmask +1.0 armor from ProtectionProfile slot=FACE
[27апр.2026 21:37:43.913] [Server thread/DEBUG] [org.inventory.inventory.server.ArmorAttributeService/]: [ArmorService] item.inventory.usa_hazmat_chestplate +3.0 armor from ProtectionProfile slot=CHEST
[27апр.2026 21:37:43.913] [Server thread/DEBUG] [org.inventory.inventory.server.ArmorAttributeService/]: [ArmorService] item.inventory.ddr_belt +2.0 armor from ProtectionProfile slot=VEST
[27апр.2026 21:37:43.913] [Server thread/DEBUG] [org.inventory.inventory.server.ArmorAttributeService/]: [ArmorService] item.inventory.usa_hazmat_leggings +2.0 armor from ProtectionProfile slot=LEGS
[27апр.2026 21:37:43.913] [Server thread/DEBUG] [org.inventory.inventory.server.ArmorAttributeService/]: [ArmorService] applied armor=9.0 toughness=0.0 player=Dev
[27апр.2026 21:37:43.913] [Server thread/DEBUG] [org.inventory.inventory.server.LoadoutSyncScheduler/]: [SyncScheduler] sent S2C_LoadoutSync player=Dev version=1024
[27апр.2026 21:37:43.914] [Server thread/DEBUG] [org.inventory.inventory.server.LoadoutSyncScheduler/]: [SyncScheduler] sent S2C_LoadoutSync player=Dev version=1024
[27апр.2026 21:37:43.920] [Render thread/DEBUG] [org.inventory.inventory.network.S2CLoadoutSyncPacket/]: [S2C_Sync] received serverVersion=1024
[27апр.2026 21:37:43.921] [Render thread/DEBUG] [org.inventory.inventory.network.S2CLoadoutSyncPacket/]: [S2C_Sync] received serverVersion=1024
[27апр.2026 21:37:43.921] [Render thread/DEBUG] [org.inventory.inventory.client.screen.InventoryScreen/]: [InventoryScreen] sync received version=1024
[27апр.2026 21:37:45.053] [Server thread/DEBUG] [org.inventory.inventory.server.InventoryTransactionService/]: [InventoryTx] beginLoadoutOp: opId=e3d10ac0-8e3c-4cbf-8394-171e3285d9c6 player=Dev
[27апр.2026 21:37:45.054] [Server thread/DEBUG] [org.inventory.inventory.server.InventoryTransactionService/]: [InventoryTx] validateAndApplyClick: ok slot=102 opId=e3d10ac0-8e3c-4cbf-8394-171e3285d9c6
[27апр.2026 21:37:45.054] [Server thread/DEBUG] [org.inventory.inventory.menu.CustomInventoryMenu/]: [Menu] equipment changed for player=Dev, recalculating storage
[27апр.2026 21:37:45.054] [Server thread/DEBUG] [org.inventory.inventory.server.InventoryTransactionService/]: [InventoryTx] commit opId=e3d10ac0-8e3c-4cbf-8394-171e3285d9c6 newVersion=1025
[27апр.2026 21:37:45.054] [Server thread/DEBUG] [org.inventory.inventory.server.ArmorAttributeService/]: [ArmorService] item.inventory.usa_hazmat_cap +1.0 armor from ProtectionProfile slot=HEAD
[27апр.2026 21:37:45.054] [Server thread/DEBUG] [org.inventory.inventory.server.ArmorAttributeService/]: [ArmorService] item.inventory.m40_gasmask +1.0 armor from ProtectionProfile slot=FACE
[27апр.2026 21:37:45.054] [Server thread/DEBUG] [org.inventory.inventory.server.ArmorAttributeService/]: [ArmorService] item.inventory.shirt_red +1.0 armor from ProtectionProfile slot=CHEST
[27апр.2026 21:37:45.054] [Server thread/DEBUG] [org.inventory.inventory.server.ArmorAttributeService/]: [ArmorService] item.inventory.ddr_belt +2.0 armor from ProtectionProfile slot=VEST
[27апр.2026 21:37:45.054] [Server thread/DEBUG] [org.inventory.inventory.server.ArmorAttributeService/]: [ArmorService] item.inventory.usa_hazmat_leggings +2.0 armor from ProtectionProfile slot=LEGS
[27апр.2026 21:37:45.054] [Server thread/DEBUG] [org.inventory.inventory.server.ArmorAttributeService/]: [ArmorService] applied armor=7.0 toughness=0.0 player=Dev
[27апр.2026 21:37:45.054] [Server thread/DEBUG] [org.inventory.inventory.server.LoadoutSyncScheduler/]: [SyncScheduler] sent S2C_LoadoutSync player=Dev version=1025
[27апр.2026 21:37:45.060] [Render thread/DEBUG] [org.inventory.inventory.network.S2CLoadoutSyncPacket/]: [S2C_Sync] received serverVersion=1025
[27апр.2026 21:37:45.060] [Render thread/DEBUG] [org.inventory.inventory.client.screen.InventoryScreen/]: [InventoryScreen] sync received version=1025
[27апр.2026 21:37:46.312] [Render thread/DEBUG] [org.inventory.inventory.event.ClientEventHandler/]: [ClientEvents] intercepting vanilla inventory — requesting custom UI
[27апр.2026 21:37:46.313] [Server thread/DEBUG] [org.inventory.inventory.network.C2SOpenInventoryPacket/]: [C2S_OpenInv] opening custom inventory for player=Dev
[27апр.2026 21:37:46.313] [Server thread/DEBUG] [org.inventory.inventory.server.ArmorAttributeService/]: [ArmorService] item.inventory.usa_hazmat_cap +1.0 armor from ProtectionProfile slot=HEAD
[27апр.2026 21:37:46.313] [Server thread/DEBUG] [org.inventory.inventory.server.ArmorAttributeService/]: [ArmorService] item.inventory.m40_gasmask +1.0 armor from ProtectionProfile slot=FACE
[27апр.2026 21:37:46.313] [Server thread/DEBUG] [org.inventory.inventory.server.ArmorAttributeService/]: [ArmorService] item.inventory.shirt_red +1.0 armor from ProtectionProfile slot=CHEST
[27апр.2026 21:37:46.313] [Server thread/DEBUG] [org.inventory.inventory.server.ArmorAttributeService/]: [ArmorService] item.inventory.ddr_belt +2.0 armor from ProtectionProfile slot=VEST
[27апр.2026 21:37:46.313] [Server thread/DEBUG] [org.inventory.inventory.server.ArmorAttributeService/]: [ArmorService] item.inventory.usa_hazmat_leggings +2.0 armor from ProtectionProfile slot=LEGS
[27апр.2026 21:37:46.313] [Server thread/DEBUG] [org.inventory.inventory.server.ArmorAttributeService/]: [ArmorService] applied armor=7.0 toughness=0.0 player=Dev
[27апр.2026 21:37:46.313] [Server thread/DEBUG] [org.inventory.inventory.server.LoadoutSyncScheduler/]: [SyncScheduler] sent S2C_LoadoutSync player=Dev version=1025
[27апр.2026 21:37:46.313] [Server thread/DEBUG] [org.inventory.inventory.server.LoadoutSyncScheduler/]: [SyncScheduler] sent S2C_LoadoutSync player=Dev version=1025
[27апр.2026 21:37:46.319] [Render thread/DEBUG] [org.inventory.inventory.network.S2CLoadoutSyncPacket/]: [S2C_Sync] received serverVersion=1025
[27апр.2026 21:37:46.320] [Render thread/DEBUG] [org.inventory.inventory.network.S2CLoadoutSyncPacket/]: [S2C_Sync] received serverVersion=1025
[27апр.2026 21:37:46.320] [Render thread/DEBUG] [org.inventory.inventory.client.screen.InventoryScreen/]: [InventoryScreen] sync received version=1025
[27апр.2026 21:37:46.842] [Server thread/DEBUG] [org.inventory.inventory.server.InventoryTransactionService/]: [InventoryTx] beginLoadoutOp: opId=8b87f873-1e01-4217-a488-87b066617a04 player=Dev
[27апр.2026 21:37:46.842] [Server thread/DEBUG] [org.inventory.inventory.server.InventoryTransactionService/]: [InventoryTx] validateAndApplyClick: ok slot=102 opId=8b87f873-1e01-4217-a488-87b066617a04
[27апр.2026 21:37:46.842] [Server thread/DEBUG] [org.inventory.inventory.menu.CustomInventoryMenu/]: [Menu] equipment changed for player=Dev, recalculating storage
[27апр.2026 21:37:46.842] [Server thread/DEBUG] [org.inventory.inventory.server.InventoryTransactionService/]: [InventoryTx] commit opId=8b87f873-1e01-4217-a488-87b066617a04 newVersion=1026
[27апр.2026 21:37:46.842] [Server thread/DEBUG] [org.inventory.inventory.server.ArmorAttributeService/]: [ArmorService] item.inventory.usa_hazmat_cap +1.0 armor from ProtectionProfile slot=HEAD
[27апр.2026 21:37:46.842] [Server thread/DEBUG] [org.inventory.inventory.server.ArmorAttributeService/]: [ArmorService] item.inventory.m40_gasmask +1.0 armor from ProtectionProfile slot=FACE
[27апр.2026 21:37:46.842] [Server thread/DEBUG] [org.inventory.inventory.server.ArmorAttributeService/]: [ArmorService] item.inventory.ddr_belt +2.0 armor from ProtectionProfile slot=VEST
[27апр.2026 21:37:46.842] [Server thread/DEBUG] [org.inventory.inventory.server.ArmorAttributeService/]: [ArmorService] item.inventory.usa_hazmat_leggings +2.0 armor from ProtectionProfile slot=LEGS
[27апр.2026 21:37:46.842] [Server thread/DEBUG] [org.inventory.inventory.server.ArmorAttributeService/]: [ArmorService] applied armor=6.0 toughness=0.0 player=Dev
[27апр.2026 21:37:46.842] [Server thread/DEBUG] [org.inventory.inventory.server.LoadoutSyncScheduler/]: [SyncScheduler] sent S2C_LoadoutSync player=Dev version=1026
[27апр.2026 21:37:46.850] [Render thread/DEBUG] [org.inventory.inventory.network.S2CLoadoutSyncPacket/]: [S2C_Sync] received serverVersion=1026
[27апр.2026 21:37:46.850] [Render thread/DEBUG] [org.inventory.inventory.client.screen.InventoryScreen/]: [InventoryScreen] sync received version=1026
[27апр.2026 21:37:47.865] [Render thread/DEBUG] [org.inventory.inventory.event.ClientEventHandler/]: [ClientEvents] intercepting vanilla inventory — requesting custom UI
[27апр.2026 21:37:47.865] [Server thread/DEBUG] [org.inventory.inventory.network.C2SOpenInventoryPacket/]: [C2S_OpenInv] opening custom inventory for player=Dev
[27апр.2026 21:37:47.865] [Server thread/DEBUG] [org.inventory.inventory.server.ArmorAttributeService/]: [ArmorService] item.inventory.usa_hazmat_cap +1.0 armor from ProtectionProfile slot=HEAD
[27апр.2026 21:37:47.865] [Server thread/DEBUG] [org.inventory.inventory.server.ArmorAttributeService/]: [ArmorService] item.inventory.m40_gasmask +1.0 armor from ProtectionProfile slot=FACE
[27апр.2026 21:37:47.865] [Server thread/DEBUG] [org.inventory.inventory.server.ArmorAttributeService/]: [ArmorService] item.inventory.ddr_belt +2.0 armor from ProtectionProfile slot=VEST
[27апр.2026 21:37:47.865] [Server thread/DEBUG] [org.inventory.inventory.server.ArmorAttributeService/]: [ArmorService] item.inventory.usa_hazmat_leggings +2.0 armor from ProtectionProfile slot=LEGS
[27апр.2026 21:37:47.865] [Server thread/DEBUG] [org.inventory.inventory.server.ArmorAttributeService/]: [ArmorService] applied armor=6.0 toughness=0.0 player=Dev
[27апр.2026 21:37:47.865] [Server thread/DEBUG] [org.inventory.inventory.server.LoadoutSyncScheduler/]: [SyncScheduler] sent S2C_LoadoutSync player=Dev version=1026
[27апр.2026 21:37:47.866] [Server thread/DEBUG] [org.inventory.inventory.server.LoadoutSyncScheduler/]: [SyncScheduler] sent S2C_LoadoutSync player=Dev version=1026
[27апр.2026 21:37:47.871] [Render thread/DEBUG] [org.inventory.inventory.network.S2CLoadoutSyncPacket/]: [S2C_Sync] received serverVersion=1026
[27апр.2026 21:37:47.872] [Render thread/DEBUG] [org.inventory.inventory.network.S2CLoadoutSyncPacket/]: [S2C_Sync] received serverVersion=1026
[27апр.2026 21:37:47.872] [Render thread/DEBUG] [org.inventory.inventory.client.screen.InventoryScreen/]: [InventoryScreen] sync received version=1026
[27апр.2026 21:37:48.412] [Server thread/DEBUG] [org.inventory.inventory.server.InventoryTransactionService/]: [InventoryTx] beginLoadoutOp: opId=15ef2123-be0b-459f-993c-bed31f83869f player=Dev
[27апр.2026 21:37:48.412] [Server thread/DEBUG] [org.inventory.inventory.menu.CustomInventoryMenu/]: [Menu] equipment changed for player=Dev, recalculating storage
[27апр.2026 21:37:48.413] [Server thread/DEBUG] [org.inventory.inventory.server.InventoryTransactionService/]: [InventoryTx] commit opId=15ef2123-be0b-459f-993c-bed31f83869f newVersion=1027
[27апр.2026 21:37:48.413] [Server thread/DEBUG] [org.inventory.inventory.server.ArmorAttributeService/]: [ArmorService] item.inventory.usa_hazmat_cap +1.0 armor from ProtectionProfile slot=HEAD
[27апр.2026 21:37:48.413] [Server thread/DEBUG] [org.inventory.inventory.server.ArmorAttributeService/]: [ArmorService] item.inventory.m40_gasmask +1.0 armor from ProtectionProfile slot=FACE
[27апр.2026 21:37:48.413] [Server thread/DEBUG] [org.inventory.inventory.server.ArmorAttributeService/]: [ArmorService] item.inventory.shirt_red +1.0 armor from ProtectionProfile slot=CHEST
[27апр.2026 21:37:48.413] [Server thread/DEBUG] [org.inventory.inventory.server.ArmorAttributeService/]: [ArmorService] item.inventory.ddr_belt +2.0 armor from ProtectionProfile slot=VEST
[27апр.2026 21:37:48.413] [Server thread/DEBUG] [org.inventory.inventory.server.ArmorAttributeService/]: [ArmorService] item.inventory.usa_hazmat_leggings +2.0 armor from ProtectionProfile slot=LEGS
[27апр.2026 21:37:48.413] [Server thread/DEBUG] [org.inventory.inventory.server.ArmorAttributeService/]: [ArmorService] applied armor=7.0 toughness=0.0 player=Dev
[27апр.2026 21:37:48.414] [Server thread/DEBUG] [org.inventory.inventory.server.LoadoutSyncScheduler/]: [SyncScheduler] sent S2C_LoadoutSync player=Dev version=1027
[27апр.2026 21:37:48.421] [Render thread/DEBUG] [org.inventory.inventory.network.S2CLoadoutSyncPacket/]: [S2C_Sync] received serverVersion=1027
[27апр.2026 21:37:48.421] [Render thread/DEBUG] [org.inventory.inventory.client.screen.InventoryScreen/]: [InventoryScreen] sync received version=1027
[27апр.2026 21:37:49.700] [Server thread/DEBUG] [org.inventory.inventory.server.InventoryTransactionService/]: [InventoryTx] beginLoadoutOp: opId=edeea440-fb6f-4896-9211-c4abebb5e4c6 player=Dev
[27апр.2026 21:37:49.701] [Server thread/DEBUG] [org.inventory.inventory.server.InventoryTransactionService/]: [InventoryTx] validateAndApplyClick: ok slot=102 opId=edeea440-fb6f-4896-9211-c4abebb5e4c6
[27апр.2026 21:37:49.701] [Server thread/DEBUG] [org.inventory.inventory.server.InventoryTransactionService/]: [InventoryTx] beginLoadoutOp: opId=d071828d-ac1b-429c-b420-2c4e1358ae68 player=Dev
[27апр.2026 21:37:49.701] [Server thread/DEBUG] [org.inventory.inventory.menu.CustomInventoryMenu/]: [Menu] equipment changed for player=Dev, recalculating storage
[27апр.2026 21:37:49.701] [Server thread/DEBUG] [org.inventory.inventory.server.InventoryTransactionService/]: [InventoryTx] commit opId=d071828d-ac1b-429c-b420-2c4e1358ae68 newVersion=1028
[27апр.2026 21:37:49.701] [Server thread/DEBUG] [org.inventory.inventory.server.ArmorAttributeService/]: [ArmorService] item.inventory.usa_hazmat_cap +1.0 armor from ProtectionProfile slot=HEAD
[27апр.2026 21:37:49.701] [Server thread/DEBUG] [org.inventory.inventory.server.ArmorAttributeService/]: [ArmorService] item.inventory.m40_gasmask +1.0 armor from ProtectionProfile slot=FACE
[27апр.2026 21:37:49.701] [Server thread/DEBUG] [org.inventory.inventory.server.ArmorAttributeService/]: [ArmorService] item.inventory.ddr_belt +2.0 armor from ProtectionProfile slot=VEST
[27апр.2026 21:37:49.701] [Server thread/DEBUG] [org.inventory.inventory.server.ArmorAttributeService/]: [ArmorService] item.inventory.usa_hazmat_leggings +2.0 armor from ProtectionProfile slot=LEGS
[27апр.2026 21:37:49.701] [Server thread/DEBUG] [org.inventory.inventory.server.ArmorAttributeService/]: [ArmorService] applied armor=6.0 toughness=0.0 player=Dev
[27апр.2026 21:37:49.701] [Server thread/DEBUG] [org.inventory.inventory.server.LoadoutSyncScheduler/]: [SyncScheduler] sent S2C_LoadoutSync player=Dev version=1028
[27апр.2026 21:37:49.701] [Server thread/DEBUG] [org.inventory.inventory.menu.CustomInventoryMenu/]: [Menu] equipment changed for player=Dev, recalculating storage
[27апр.2026 21:37:49.701] [Server thread/DEBUG] [org.inventory.inventory.server.InventoryTransactionService/]: [InventoryTx] commit opId=edeea440-fb6f-4896-9211-c4abebb5e4c6 newVersion=1029
[27апр.2026 21:37:49.701] [Server thread/DEBUG] [org.inventory.inventory.server.ArmorAttributeService/]: [ArmorService] item.inventory.usa_hazmat_cap +1.0 armor from ProtectionProfile slot=HEAD
[27апр.2026 21:37:49.701] [Server thread/DEBUG] [org.inventory.inventory.server.ArmorAttributeService/]: [ArmorService] item.inventory.m40_gasmask +1.0 armor from ProtectionProfile slot=FACE
[27апр.2026 21:37:49.701] [Server thread/DEBUG] [org.inventory.inventory.server.ArmorAttributeService/]: [ArmorService] item.inventory.ddr_belt +2.0 armor from ProtectionProfile slot=VEST
[27апр.2026 21:37:49.701] [Server thread/DEBUG] [org.inventory.inventory.server.ArmorAttributeService/]: [ArmorService] item.inventory.usa_hazmat_leggings +2.0 armor from ProtectionProfile slot=LEGS
[27апр.2026 21:37:49.701] [Server thread/DEBUG] [org.inventory.inventory.server.ArmorAttributeService/]: [ArmorService] applied armor=6.0 toughness=0.0 player=Dev
[27апр.2026 21:37:49.701] [Server thread/DEBUG] [org.inventory.inventory.server.LoadoutSyncScheduler/]: [SyncScheduler] sent S2C_LoadoutSync player=Dev version=1029
[27апр.2026 21:37:49.708] [Render thread/DEBUG] [org.inventory.inventory.network.S2CLoadoutSyncPacket/]: [S2C_Sync] received serverVersion=1028
[27апр.2026 21:37:49.708] [Render thread/DEBUG] [org.inventory.inventory.client.screen.InventoryScreen/]: [InventoryScreen] sync received version=1028
[27апр.2026 21:37:49.708] [Render thread/DEBUG] [org.inventory.inventory.network.S2CLoadoutSyncPacket/]: [S2C_Sync] received serverVersion=1029
[27апр.2026 21:37:49.708] [Render thread/DEBUG] [org.inventory.inventory.client.screen.InventoryScreen/]: [InventoryScreen] sync received version=1029
[27апр.2026 21:37:50.657] [Server thread/DEBUG] [org.inventory.inventory.server.InventoryTransactionService/]: [InventoryTx] beginLoadoutOp: opId=71d54f9c-3828-4499-8875-883b28bd536a player=Dev
[27апр.2026 21:37:50.658] [Server thread/DEBUG] [org.inventory.inventory.menu.CustomInventoryMenu/]: [Menu] equipment changed for player=Dev, recalculating storage
[27апр.2026 21:37:50.658] [Server thread/DEBUG] [org.inventory.inventory.server.InventoryTransactionService/]: [InventoryTx] commit opId=71d54f9c-3828-4499-8875-883b28bd536a newVersion=1030
[27апр.2026 21:37:50.658] [Server thread/DEBUG] [org.inventory.inventory.server.ArmorAttributeService/]: [ArmorService] item.inventory.usa_hazmat_cap +1.0 armor from ProtectionProfile slot=HEAD
[27апр.2026 21:37:50.658] [Server thread/DEBUG] [org.inventory.inventory.server.ArmorAttributeService/]: [ArmorService] item.inventory.m40_gasmask +1.0 armor from ProtectionProfile slot=FACE
[27апр.2026 21:37:50.658] [Server thread/DEBUG] [org.inventory.inventory.server.ArmorAttributeService/]: [ArmorService] item.inventory.shirt_red +1.0 armor from ProtectionProfile slot=CHEST
[27апр.2026 21:37:50.658] [Server thread/DEBUG] [org.inventory.inventory.server.ArmorAttributeService/]: [ArmorService] item.inventory.ddr_belt +2.0 armor from ProtectionProfile slot=VEST
[27апр.2026 21:37:50.658] [Server thread/DEBUG] [org.inventory.inventory.server.ArmorAttributeService/]: [ArmorService] item.inventory.usa_hazmat_leggings +2.0 armor from ProtectionProfile slot=LEGS
[27апр.2026 21:37:50.658] [Server thread/DEBUG] [org.inventory.inventory.server.ArmorAttributeService/]: [ArmorService] applied armor=7.0 toughness=0.0 player=Dev
[27апр.2026 21:37:50.658] [Server thread/DEBUG] [org.inventory.inventory.server.LoadoutSyncScheduler/]: [SyncScheduler] sent S2C_LoadoutSync player=Dev version=1030
[27апр.2026 21:37:50.664] [Render thread/DEBUG] [org.inventory.inventory.network.S2CLoadoutSyncPacket/]: [S2C_Sync] received serverVersion=1030
[27апр.2026 21:37:50.665] [Render thread/DEBUG] [org.inventory.inventory.client.screen.InventoryScreen/]: [InventoryScreen] sync received version=1030
[27апр.2026 21:37:51.992] [Server thread/DEBUG] [org.inventory.inventory.server.InventoryTransactionService/]: [InventoryTx] beginLoadoutOp: opId=a196b124-459f-401c-81e0-91bf5f7ae206 player=Dev
[27апр.2026 21:37:51.992] [Server thread/DEBUG] [org.inventory.inventory.server.InventoryTransactionService/]: [InventoryTx] validateAndApplyClick: ok slot=102 opId=a196b124-459f-401c-81e0-91bf5f7ae206
[27апр.2026 21:37:51.992] [Server thread/DEBUG] [org.inventory.inventory.server.InventoryTransactionService/]: [InventoryTx] beginLoadoutOp: opId=9a07a921-fe58-484f-9027-56a7d7896eb0 player=Dev
[27апр.2026 21:37:51.992] [Server thread/DEBUG] [org.inventory.inventory.menu.CustomInventoryMenu/]: [Menu] equipment changed for player=Dev, recalculating storage
[27апр.2026 21:37:51.992] [Server thread/DEBUG] [org.inventory.inventory.server.InventoryTransactionService/]: [InventoryTx] commit opId=9a07a921-fe58-484f-9027-56a7d7896eb0 newVersion=1031
[27апр.2026 21:37:51.994] [Server thread/DEBUG] [org.inventory.inventory.server.ArmorAttributeService/]: [ArmorService] item.inventory.usa_hazmat_cap +1.0 armor from ProtectionProfile slot=HEAD
[27апр.2026 21:37:51.994] [Server thread/DEBUG] [org.inventory.inventory.server.ArmorAttributeService/]: [ArmorService] item.inventory.m40_gasmask +1.0 armor from ProtectionProfile slot=FACE
[27апр.2026 21:37:51.994] [Server thread/DEBUG] [org.inventory.inventory.server.ArmorAttributeService/]: [ArmorService] item.inventory.ddr_belt +2.0 armor from ProtectionProfile slot=VEST
[27апр.2026 21:37:51.994] [Server thread/DEBUG] [org.inventory.inventory.server.ArmorAttributeService/]: [ArmorService] item.inventory.usa_hazmat_leggings +2.0 armor from ProtectionProfile slot=LEGS
[27апр.2026 21:37:51.994] [Server thread/DEBUG] [org.inventory.inventory.server.ArmorAttributeService/]: [ArmorService] applied armor=6.0 toughness=0.0 player=Dev
[27апр.2026 21:37:51.994] [Server thread/DEBUG] [org.inventory.inventory.server.LoadoutSyncScheduler/]: [SyncScheduler] sent S2C_LoadoutSync player=Dev version=1031
[27апр.2026 21:37:51.994] [Server thread/DEBUG] [org.inventory.inventory.menu.CustomInventoryMenu/]: [Menu] equipment changed for player=Dev, recalculating storage
[27апр.2026 21:37:51.994] [Server thread/DEBUG] [org.inventory.inventory.server.InventoryTransactionService/]: [InventoryTx] commit opId=a196b124-459f-401c-81e0-91bf5f7ae206 newVersion=1032
[27апр.2026 21:37:51.994] [Server thread/DEBUG] [org.inventory.inventory.server.ArmorAttributeService/]: [ArmorService] item.inventory.usa_hazmat_cap +1.0 armor from ProtectionProfile slot=HEAD
[27апр.2026 21:37:51.994] [Server thread/DEBUG] [org.inventory.inventory.server.ArmorAttributeService/]: [ArmorService] item.inventory.m40_gasmask +1.0 armor from ProtectionProfile slot=FACE
[27апр.2026 21:37:51.994] [Server thread/DEBUG] [org.inventory.inventory.server.ArmorAttributeService/]: [ArmorService] item.inventory.ddr_belt +2.0 armor from ProtectionProfile slot=VEST
[27апр.2026 21:37:51.994] [Server thread/DEBUG] [org.inventory.inventory.server.ArmorAttributeService/]: [ArmorService] item.inventory.usa_hazmat_leggings +2.0 armor from ProtectionProfile slot=LEGS
[27апр.2026 21:37:51.994] [Server thread/DEBUG] [org.inventory.inventory.server.ArmorAttributeService/]: [ArmorService] applied armor=6.0 toughness=0.0 player=Dev
[27апр.2026 21:37:51.994] [Server thread/DEBUG] [org.inventory.inventory.server.LoadoutSyncScheduler/]: [SyncScheduler] sent S2C_LoadoutSync player=Dev version=1032
[27апр.2026 21:37:52.000] [Render thread/DEBUG] [org.inventory.inventory.network.S2CLoadoutSyncPacket/]: [S2C_Sync] received serverVersion=1031
[27апр.2026 21:37:52.001] [Render thread/DEBUG] [org.inventory.inventory.client.screen.InventoryScreen/]: [InventoryScreen] sync received version=1031
[27апр.2026 21:37:52.001] [Render thread/DEBUG] [org.inventory.inventory.network.S2CLoadoutSyncPacket/]: [S2C_Sync] received serverVersion=1032
[27апр.2026 21:37:52.001] [Render thread/DEBUG] [org.inventory.inventory.client.screen.InventoryScreen/]: [InventoryScreen] sync received version=1032
[27апр.2026 21:37:52.852] [Server thread/DEBUG] [org.inventory.inventory.server.InventoryTransactionService/]: [InventoryTx] beginLoadoutOp: opId=e673c90a-7737-4410-9207-5245755abeb5 player=Dev
[27апр.2026 21:37:52.852] [Server thread/DEBUG] [org.inventory.inventory.menu.CustomInventoryMenu/]: [Menu] equipment changed for player=Dev, recalculating storage
[27апр.2026 21:37:52.852] [Server thread/DEBUG] [org.inventory.inventory.server.InventoryTransactionService/]: [InventoryTx] commit opId=e673c90a-7737-4410-9207-5245755abeb5 newVersion=1033
[27апр.2026 21:37:52.852] [Server thread/DEBUG] [org.inventory.inventory.server.ArmorAttributeService/]: [ArmorService] item.inventory.usa_hazmat_cap +1.0 armor from ProtectionProfile slot=HEAD
[27апр.2026 21:37:52.852] [Server thread/DEBUG] [org.inventory.inventory.server.ArmorAttributeService/]: [ArmorService] item.inventory.m40_gasmask +1.0 armor from ProtectionProfile slot=FACE
[27апр.2026 21:37:52.852] [Server thread/DEBUG] [org.inventory.inventory.server.ArmorAttributeService/]: [ArmorService] item.inventory.shirt_red +1.0 armor from ProtectionProfile slot=CHEST
[27апр.2026 21:37:52.852] [Server thread/DEBUG] [org.inventory.inventory.server.ArmorAttributeService/]: [ArmorService] item.inventory.ddr_belt +2.0 armor from ProtectionProfile slot=VEST
[27апр.2026 21:37:52.852] [Server thread/DEBUG] [org.inventory.inventory.server.ArmorAttributeService/]: [ArmorService] item.inventory.usa_hazmat_leggings +2.0 armor from ProtectionProfile slot=LEGS
[27апр.2026 21:37:52.852] [Server thread/DEBUG] [org.inventory.inventory.server.ArmorAttributeService/]: [ArmorService] applied armor=7.0 toughness=0.0 player=Dev
[27апр.2026 21:37:52.852] [Server thread/DEBUG] [org.inventory.inventory.server.LoadoutSyncScheduler/]: [SyncScheduler] sent S2C_LoadoutSync player=Dev version=1033
[27апр.2026 21:37:52.859] [Render thread/DEBUG] [org.inventory.inventory.network.S2CLoadoutSyncPacket/]: [S2C_Sync] received serverVersion=1033
[27апр.2026 21:37:52.859] [Render thread/DEBUG] [org.inventory.inventory.client.screen.InventoryScreen/]: [InventoryScreen] sync received version=1033
[27апр.2026 21:37:54.098] [Server thread/DEBUG] [org.inventory.inventory.server.InventoryTransactionService/]: [InventoryTx] beginLoadoutOp: opId=1659b986-81fa-4ec3-91cf-27d2568b6a24 player=Dev
[27апр.2026 21:37:54.098] [Server thread/DEBUG] [org.inventory.inventory.server.InventoryTransactionService/]: [InventoryTx] validateAndApplyClick: ok slot=102 opId=1659b986-81fa-4ec3-91cf-27d2568b6a24
[27апр.2026 21:37:54.098] [Server thread/DEBUG] [org.inventory.inventory.menu.CustomInventoryMenu/]: [Menu] equipment changed for player=Dev, recalculating storage
[27апр.2026 21:37:54.098] [Server thread/DEBUG] [org.inventory.inventory.server.InventoryTransactionService/]: [InventoryTx] commit opId=1659b986-81fa-4ec3-91cf-27d2568b6a24 newVersion=1034
[27апр.2026 21:37:54.098] [Server thread/DEBUG] [org.inventory.inventory.server.ArmorAttributeService/]: [ArmorService] item.inventory.usa_hazmat_cap +1.0 armor from ProtectionProfile slot=HEAD
[27апр.2026 21:37:54.098] [Server thread/DEBUG] [org.inventory.inventory.server.ArmorAttributeService/]: [ArmorService] item.inventory.m40_gasmask +1.0 armor from ProtectionProfile slot=FACE
[27апр.2026 21:37:54.098] [Server thread/DEBUG] [org.inventory.inventory.server.ArmorAttributeService/]: [ArmorService] item.inventory.usa_hazmat_chestplate +3.0 armor from ProtectionProfile slot=CHEST
[27апр.2026 21:37:54.098] [Server thread/DEBUG] [org.inventory.inventory.server.ArmorAttributeService/]: [ArmorService] item.inventory.ddr_belt +2.0 armor from ProtectionProfile slot=VEST
[27апр.2026 21:37:54.098] [Server thread/DEBUG] [org.inventory.inventory.server.ArmorAttributeService/]: [ArmorService] item.inventory.usa_hazmat_leggings +2.0 armor from ProtectionProfile slot=LEGS
[27апр.2026 21:37:54.098] [Server thread/DEBUG] [org.inventory.inventory.server.ArmorAttributeService/]: [ArmorService] applied armor=9.0 toughness=0.0 player=Dev
[27апр.2026 21:37:54.098] [Server thread/DEBUG] [org.inventory.inventory.server.LoadoutSyncScheduler/]: [SyncScheduler] sent S2C_LoadoutSync player=Dev version=1034
[27апр.2026 21:37:54.105] [Render thread/DEBUG] [org.inventory.inventory.network.S2CLoadoutSyncPacket/]: [S2C_Sync] received serverVersion=1034
[27апр.2026 21:37:54.105] [Render thread/DEBUG] [org.inventory.inventory.client.screen.InventoryScreen/]: [InventoryScreen] sync received version=1034
[27апр.2026 21:37:55.812] [Render thread/DEBUG] [org.inventory.inventory.event.ClientEventHandler/]: [ClientEvents] intercepting vanilla inventory — requesting custom UI
[27апр.2026 21:37:55.812] [Server thread/DEBUG] [org.inventory.inventory.network.C2SOpenInventoryPacket/]: [C2S_OpenInv] opening custom inventory for player=Dev
[27апр.2026 21:37:55.812] [Server thread/DEBUG] [org.inventory.inventory.server.ArmorAttributeService/]: [ArmorService] item.inventory.usa_hazmat_cap +1.0 armor from ProtectionProfile slot=HEAD
[27апр.2026 21:37:55.812] [Server thread/DEBUG] [org.inventory.inventory.server.ArmorAttributeService/]: [ArmorService] item.inventory.m40_gasmask +1.0 armor from ProtectionProfile slot=FACE
[27апр.2026 21:37:55.812] [Server thread/DEBUG] [org.inventory.inventory.server.ArmorAttributeService/]: [ArmorService] item.inventory.usa_hazmat_chestplate +3.0 armor from ProtectionProfile slot=CHEST
[27апр.2026 21:37:55.812] [Server thread/DEBUG] [org.inventory.inventory.server.ArmorAttributeService/]: [ArmorService] item.inventory.ddr_belt +2.0 armor from ProtectionProfile slot=VEST
[27апр.2026 21:37:55.813] [Server thread/DEBUG] [org.inventory.inventory.server.ArmorAttributeService/]: [ArmorService] item.inventory.usa_hazmat_leggings +2.0 armor from ProtectionProfile slot=LEGS
[27апр.2026 21:37:55.813] [Server thread/DEBUG] [org.inventory.inventory.server.ArmorAttributeService/]: [ArmorService] applied armor=9.0 toughness=0.0 player=Dev
[27апр.2026 21:37:55.813] [Server thread/DEBUG] [org.inventory.inventory.server.LoadoutSyncScheduler/]: [SyncScheduler] sent S2C_LoadoutSync player=Dev version=1034
[27апр.2026 21:37:55.813] [Server thread/DEBUG] [org.inventory.inventory.server.LoadoutSyncScheduler/]: [SyncScheduler] sent S2C_LoadoutSync player=Dev version=1034
[27апр.2026 21:37:55.820] [Render thread/DEBUG] [org.inventory.inventory.network.S2CLoadoutSyncPacket/]: [S2C_Sync] received serverVersion=1034
[27апр.2026 21:37:55.821] [Render thread/DEBUG] [org.inventory.inventory.network.S2CLoadoutSyncPacket/]: [S2C_Sync] received serverVersion=1034
[27апр.2026 21:37:55.821] [Render thread/DEBUG] [org.inventory.inventory.client.screen.InventoryScreen/]: [InventoryScreen] sync received version=1034
[27апр.2026 21:37:58.665] [Render thread/DEBUG] [org.inventory.inventory.event.ClientEventHandler/]: [ClientEvents] intercepting vanilla inventory — requesting custom UI
[27апр.2026 21:37:58.665] [Server thread/DEBUG] [org.inventory.inventory.network.C2SOpenInventoryPacket/]: [C2S_OpenInv] opening custom inventory for player=Dev
[27апр.2026 21:37:58.665] [Server thread/DEBUG] [org.inventory.inventory.server.ArmorAttributeService/]: [ArmorService] item.inventory.usa_hazmat_cap +1.0 armor from ProtectionProfile slot=HEAD
[27апр.2026 21:37:58.666] [Server thread/DEBUG] [org.inventory.inventory.server.ArmorAttributeService/]: [ArmorService] item.inventory.m40_gasmask +1.0 armor from ProtectionProfile slot=FACE
[27апр.2026 21:37:58.666] [Server thread/DEBUG] [org.inventory.inventory.server.ArmorAttributeService/]: [ArmorService] item.inventory.usa_hazmat_chestplate +3.0 armor from ProtectionProfile slot=CHEST
[27апр.2026 21:37:58.666] [Server thread/DEBUG] [org.inventory.inventory.server.ArmorAttributeService/]: [ArmorService] item.inventory.ddr_belt +2.0 armor from ProtectionProfile slot=VEST
[27апр.2026 21:37:58.666] [Server thread/DEBUG] [org.inventory.inventory.server.ArmorAttributeService/]: [ArmorService] item.inventory.usa_hazmat_leggings +2.0 armor from ProtectionProfile slot=LEGS
[27апр.2026 21:37:58.666] [Server thread/DEBUG] [org.inventory.inventory.server.ArmorAttributeService/]: [ArmorService] applied armor=9.0 toughness=0.0 player=Dev
[27апр.2026 21:37:58.666] [Server thread/DEBUG] [org.inventory.inventory.server.LoadoutSyncScheduler/]: [SyncScheduler] sent S2C_LoadoutSync player=Dev version=1034
[27апр.2026 21:37:58.666] [Server thread/DEBUG] [org.inventory.inventory.server.LoadoutSyncScheduler/]: [SyncScheduler] sent S2C_LoadoutSync player=Dev version=1034
[27апр.2026 21:37:58.672] [Render thread/DEBUG] [org.inventory.inventory.network.S2CLoadoutSyncPacket/]: [S2C_Sync] received serverVersion=1034
[27апр.2026 21:37:58.672] [Render thread/DEBUG] [org.inventory.inventory.network.S2CLoadoutSyncPacket/]: [S2C_Sync] received serverVersion=1034
[27апр.2026 21:37:58.672] [Render thread/DEBUG] [org.inventory.inventory.client.screen.InventoryScreen/]: [InventoryScreen] sync received version=1034
[27апр.2026 21:38:13.111] [Render thread/DEBUG] [org.inventory.inventory.event.ClientEventHandler/]: [ClientEvents] intercepting vanilla inventory — requesting custom UI
[27апр.2026 21:38:13.111] [Server thread/DEBUG] [org.inventory.inventory.network.C2SOpenInventoryPacket/]: [C2S_OpenInv] opening custom inventory for player=Dev
[27апр.2026 21:38:13.111] [Server thread/DEBUG] [org.inventory.inventory.server.ArmorAttributeService/]: [ArmorService] item.inventory.usa_hazmat_cap +1.0 armor from ProtectionProfile slot=HEAD
[27апр.2026 21:38:13.111] [Server thread/DEBUG] [org.inventory.inventory.server.ArmorAttributeService/]: [ArmorService] item.inventory.m40_gasmask +1.0 armor from ProtectionProfile slot=FACE
[27апр.2026 21:38:13.111] [Server thread/DEBUG] [org.inventory.inventory.server.ArmorAttributeService/]: [ArmorService] item.inventory.usa_hazmat_chestplate +3.0 armor from ProtectionProfile slot=CHEST
[27апр.2026 21:38:13.111] [Server thread/DEBUG] [org.inventory.inventory.server.ArmorAttributeService/]: [ArmorService] item.inventory.ddr_belt +2.0 armor from ProtectionProfile slot=VEST
[27апр.2026 21:38:13.111] [Server thread/DEBUG] [org.inventory.inventory.server.ArmorAttributeService/]: [ArmorService] item.inventory.usa_hazmat_leggings +2.0 armor from ProtectionProfile slot=LEGS
[27апр.2026 21:38:13.111] [Server thread/DEBUG] [org.inventory.inventory.server.ArmorAttributeService/]: [ArmorService] applied armor=9.0 toughness=0.0 player=Dev
[27апр.2026 21:38:13.112] [Server thread/DEBUG] [org.inventory.inventory.server.LoadoutSyncScheduler/]: [SyncScheduler] sent S2C_LoadoutSync player=Dev version=1034
[27апр.2026 21:38:13.112] [Server thread/DEBUG] [org.inventory.inventory.server.LoadoutSyncScheduler/]: [SyncScheduler] sent S2C_LoadoutSync player=Dev version=1034
[27апр.2026 21:38:13.117] [Render thread/DEBUG] [org.inventory.inventory.network.S2CLoadoutSyncPacket/]: [S2C_Sync] received serverVersion=1034
[27апр.2026 21:38:13.119] [Render thread/DEBUG] [org.inventory.inventory.network.S2CLoadoutSyncPacket/]: [S2C_Sync] received serverVersion=1034
[27апр.2026 21:38:13.119] [Render thread/DEBUG] [org.inventory.inventory.client.screen.InventoryScreen/]: [InventoryScreen] sync received version=1034
[27апр.2026 21:38:17.163] [Render thread/DEBUG] [org.inventory.inventory.event.ClientEventHandler/]: [ClientEvents] intercepting vanilla inventory — requesting custom UI
[27апр.2026 21:38:17.163] [Server thread/DEBUG] [org.inventory.inventory.network.C2SOpenInventoryPacket/]: [C2S_OpenInv] opening custom inventory for player=Dev
[27апр.2026 21:38:17.163] [Server thread/DEBUG] [org.inventory.inventory.server.ArmorAttributeService/]: [ArmorService] item.inventory.usa_hazmat_cap +1.0 armor from ProtectionProfile slot=HEAD
[27апр.2026 21:38:17.163] [Server thread/DEBUG] [org.inventory.inventory.server.ArmorAttributeService/]: [ArmorService] item.inventory.m40_gasmask +1.0 armor from ProtectionProfile slot=FACE
[27апр.2026 21:38:17.163] [Server thread/DEBUG] [org.inventory.inventory.server.ArmorAttributeService/]: [ArmorService] item.inventory.usa_hazmat_chestplate +3.0 armor from ProtectionProfile slot=CHEST
[27апр.2026 21:38:17.163] [Server thread/DEBUG] [org.inventory.inventory.server.ArmorAttributeService/]: [ArmorService] item.inventory.ddr_belt +2.0 armor from ProtectionProfile slot=VEST
[27апр.2026 21:38:17.163] [Server thread/DEBUG] [org.inventory.inventory.server.ArmorAttributeService/]: [ArmorService] item.inventory.usa_hazmat_leggings +2.0 armor from ProtectionProfile slot=LEGS
[27апр.2026 21:38:17.163] [Server thread/DEBUG] [org.inventory.inventory.server.ArmorAttributeService/]: [ArmorService] applied armor=9.0 toughness=0.0 player=Dev
[27апр.2026 21:38:17.164] [Server thread/DEBUG] [org.inventory.inventory.server.LoadoutSyncScheduler/]: [SyncScheduler] sent S2C_LoadoutSync player=Dev version=1034
[27апр.2026 21:38:17.164] [Server thread/DEBUG] [org.inventory.inventory.server.LoadoutSyncScheduler/]: [SyncScheduler] sent S2C_LoadoutSync player=Dev version=1034
[27апр.2026 21:38:17.168] [Render thread/DEBUG] [org.inventory.inventory.network.S2CLoadoutSyncPacket/]: [S2C_Sync] received serverVersion=1034
[27апр.2026 21:38:17.169] [Render thread/DEBUG] [org.inventory.inventory.network.S2CLoadoutSyncPacket/]: [S2C_Sync] received serverVersion=1034
[27апр.2026 21:38:17.169] [Render thread/DEBUG] [org.inventory.inventory.client.screen.InventoryScreen/]: [InventoryScreen] sync received version=1034
[27апр.2026 21:39:02.011] [Render thread/DEBUG] [org.inventory.inventory.event.ClientEventHandler/]: [ClientEvents] intercepting vanilla inventory — requesting custom UI
[27апр.2026 21:39:02.012] [Server thread/DEBUG] [org.inventory.inventory.network.C2SOpenInventoryPacket/]: [C2S_OpenInv] opening custom inventory for player=Dev
[27апр.2026 21:39:02.012] [Server thread/DEBUG] [org.inventory.inventory.server.ArmorAttributeService/]: [ArmorService] item.inventory.usa_hazmat_cap +1.0 armor from ProtectionProfile slot=HEAD
[27апр.2026 21:39:02.012] [Server thread/DEBUG] [org.inventory.inventory.server.ArmorAttributeService/]: [ArmorService] item.inventory.m40_gasmask +1.0 armor from ProtectionProfile slot=FACE
[27апр.2026 21:39:02.012] [Server thread/DEBUG] [org.inventory.inventory.server.ArmorAttributeService/]: [ArmorService] item.inventory.usa_hazmat_chestplate +3.0 armor from ProtectionProfile slot=CHEST
[27апр.2026 21:39:02.012] [Server thread/DEBUG] [org.inventory.inventory.server.ArmorAttributeService/]: [ArmorService] item.inventory.ddr_belt +2.0 armor from ProtectionProfile slot=VEST
[27апр.2026 21:39:02.012] [Server thread/DEBUG] [org.inventory.inventory.server.ArmorAttributeService/]: [ArmorService] item.inventory.usa_hazmat_leggings +2.0 armor from ProtectionProfile slot=LEGS
[27апр.2026 21:39:02.012] [Server thread/DEBUG] [org.inventory.inventory.server.ArmorAttributeService/]: [ArmorService] applied armor=9.0 toughness=0.0 player=Dev
[27апр.2026 21:39:02.012] [Server thread/DEBUG] [org.inventory.inventory.server.LoadoutSyncScheduler/]: [SyncScheduler] sent S2C_LoadoutSync player=Dev version=1034
[27апр.2026 21:39:02.012] [Server thread/DEBUG] [org.inventory.inventory.server.LoadoutSyncScheduler/]: [SyncScheduler] sent S2C_LoadoutSync player=Dev version=1034
[27апр.2026 21:39:02.017] [Render thread/DEBUG] [org.inventory.inventory.network.S2CLoadoutSyncPacket/]: [S2C_Sync] received serverVersion=1034
[27апр.2026 21:39:02.018] [Render thread/DEBUG] [org.inventory.inventory.network.S2CLoadoutSyncPacket/]: [S2C_Sync] received serverVersion=1034
[27апр.2026 21:39:02.018] [Render thread/DEBUG] [org.inventory.inventory.client.screen.InventoryScreen/]: [InventoryScreen] sync received version=1034
[27апр.2026 21:39:09.496] [Server thread/INFO] [net.minecraft.server.MinecraftServer/]: [Dev: Выдано 1 [Чёрная наплечная сумка] игроку Dev]
[27апр.2026 21:39:09.502] [Render thread/INFO] [net.minecraft.client.gui.components.ChatComponent/]: [System] [CHAT] Выдано 1 [Чёрная наплечная сумка] игроку Dev
[27апр.2026 21:39:26.084] [Server thread/INFO] [net.minecraft.server.MinecraftServer/]: [Dev: Ваш режим игры изменён на Творческий режим]
[27апр.2026 21:39:26.085] [Render thread/INFO] [net.minecraft.client.gui.components.ChatComponent/]: [System] [CHAT] Ваш режим игры изменён на Творческий режим
[27апр.2026 21:39:35.412] [Render thread/DEBUG] [org.inventory.inventory.event.ClientEventHandler/]: [ClientEvents] creative mode — using vanilla inventory
[27апр.2026 21:39:54.659] [Render thread/DEBUG] [org.inventory.inventory.event.ClientEventHandler/]: [ClientEvents] creative mode — using vanilla inventory
[27апр.2026 21:40:08.811] [Render thread/DEBUG] [org.inventory.inventory.event.ClientEventHandler/]: [ClientEvents] creative mode — using vanilla inventory
[27апр.2026 21:40:33.361] [Render thread/DEBUG] [org.inventory.inventory.event.ClientEventHandler/]: [ClientEvents] creative mode — using vanilla inventory
[27апр.2026 21:40:48.159] [Render thread/DEBUG] [org.inventory.inventory.event.ClientEventHandler/]: [ClientEvents] creative mode — using vanilla inventory
[27апр.2026 21:40:49.410] [Render thread/DEBUG] [org.inventory.inventory.event.ClientEventHandler/]: [ClientEvents] creative mode — using vanilla inventory
[27апр.2026 21:40:50.110] [Render thread/DEBUG] [org.inventory.inventory.event.ClientEventHandler/]: [ClientEvents] creative mode — using vanilla inventory
[27апр.2026 21:41:04.660] [Render thread/DEBUG] [org.inventory.inventory.event.ClientEventHandler/]: [ClientEvents] creative mode — using vanilla inventory
[27апр.2026 21:41:45.460] [Render thread/DEBUG] [org.inventory.inventory.event.ClientEventHandler/]: [ClientEvents] creative mode — using vanilla inventory
[27апр.2026 21:41:47.159] [Render thread/DEBUG] [org.inventory.inventory.event.ClientEventHandler/]: [ClientEvents] creative mode — using vanilla inventory
[27апр.2026 21:41:48.010] [Render thread/DEBUG] [org.inventory.inventory.event.ClientEventHandler/]: [ClientEvents] creative mode — using vanilla inventory
[27апр.2026 21:42:09.961] [Render thread/DEBUG] [org.inventory.inventory.event.ClientEventHandler/]: [ClientEvents] creative mode — using vanilla inventory
[27апр.2026 21:42:14.076] [Server thread/INFO] [net.minecraft.server.MinecraftServer/]: [Dev: Ваш режим игры изменён на Режим приключений]
[27апр.2026 21:42:14.076] [Render thread/INFO] [net.minecraft.client.gui.components.ChatComponent/]: [System] [CHAT] Ваш режим игры изменён на Режим приключений
[27апр.2026 21:42:14.360] [Render thread/DEBUG] [org.inventory.inventory.event.ClientEventHandler/]: [ClientEvents] intercepting vanilla inventory — requesting custom UI
[27апр.2026 21:42:14.361] [Server thread/DEBUG] [org.inventory.inventory.network.C2SOpenInventoryPacket/]: [C2S_OpenInv] opening custom inventory for player=Dev
[27апр.2026 21:42:14.361] [Server thread/DEBUG] [org.inventory.inventory.server.ArmorAttributeService/]: [ArmorService] item.inventory.usa_hazmat_cap +1.0 armor from ProtectionProfile slot=HEAD
[27апр.2026 21:42:14.361] [Server thread/DEBUG] [org.inventory.inventory.server.ArmorAttributeService/]: [ArmorService] item.inventory.m40_gasmask +1.0 armor from ProtectionProfile slot=FACE
[27апр.2026 21:42:14.361] [Server thread/DEBUG] [org.inventory.inventory.server.ArmorAttributeService/]: [ArmorService] item.inventory.usa_hazmat_chestplate +3.0 armor from ProtectionProfile slot=CHEST
[27апр.2026 21:42:14.361] [Server thread/DEBUG] [org.inventory.inventory.server.ArmorAttributeService/]: [ArmorService] item.inventory.ddr_belt +2.0 armor from ProtectionProfile slot=VEST
[27апр.2026 21:42:14.361] [Server thread/DEBUG] [org.inventory.inventory.server.ArmorAttributeService/]: [ArmorService] item.inventory.usa_hazmat_leggings +2.0 armor from ProtectionProfile slot=LEGS
[27апр.2026 21:42:14.361] [Server thread/DEBUG] [org.inventory.inventory.server.ArmorAttributeService/]: [ArmorService] applied armor=9.0 toughness=0.0 player=Dev
[27апр.2026 21:42:14.361] [Server thread/DEBUG] [org.inventory.inventory.server.LoadoutSyncScheduler/]: [SyncScheduler] sent S2C_LoadoutSync player=Dev version=1034
[27апр.2026 21:42:14.361] [Server thread/DEBUG] [org.inventory.inventory.server.LoadoutSyncScheduler/]: [SyncScheduler] sent S2C_LoadoutSync player=Dev version=1034
[27апр.2026 21:42:14.367] [Render thread/DEBUG] [org.inventory.inventory.network.S2CLoadoutSyncPacket/]: [S2C_Sync] received serverVersion=1034
[27апр.2026 21:42:14.367] [Render thread/DEBUG] [org.inventory.inventory.network.S2CLoadoutSyncPacket/]: [S2C_Sync] received serverVersion=1034
[27апр.2026 21:42:14.367] [Render thread/DEBUG] [org.inventory.inventory.client.screen.InventoryScreen/]: [InventoryScreen] sync received version=1034
[27апр.2026 21:42:15.761] [Render thread/DEBUG] [org.inventory.inventory.event.ClientEventHandler/]: [ClientEvents] intercepting vanilla inventory — requesting custom UI
[27апр.2026 21:42:15.761] [Server thread/DEBUG] [org.inventory.inventory.network.C2SOpenInventoryPacket/]: [C2S_OpenInv] opening custom inventory for player=Dev
[27апр.2026 21:42:15.761] [Server thread/DEBUG] [org.inventory.inventory.server.ArmorAttributeService/]: [ArmorService] item.inventory.usa_hazmat_cap +1.0 armor from ProtectionProfile slot=HEAD
[27апр.2026 21:42:15.761] [Server thread/DEBUG] [org.inventory.inventory.server.ArmorAttributeService/]: [ArmorService] item.inventory.m40_gasmask +1.0 armor from ProtectionProfile slot=FACE
[27апр.2026 21:42:15.761] [Server thread/DEBUG] [org.inventory.inventory.server.ArmorAttributeService/]: [ArmorService] item.inventory.usa_hazmat_chestplate +3.0 armor from ProtectionProfile slot=CHEST
[27апр.2026 21:42:15.761] [Server thread/DEBUG] [org.inventory.inventory.server.ArmorAttributeService/]: [ArmorService] item.inventory.ddr_belt +2.0 armor from ProtectionProfile slot=VEST
[27апр.2026 21:42:15.761] [Server thread/DEBUG] [org.inventory.inventory.server.ArmorAttributeService/]: [ArmorService] item.inventory.usa_hazmat_leggings +2.0 armor from ProtectionProfile slot=LEGS
[27апр.2026 21:42:15.761] [Server thread/DEBUG] [org.inventory.inventory.server.ArmorAttributeService/]: [ArmorService] applied armor=9.0 toughness=0.0 player=Dev
[27апр.2026 21:42:15.761] [Server thread/DEBUG] [org.inventory.inventory.server.LoadoutSyncScheduler/]: [SyncScheduler] sent S2C_LoadoutSync player=Dev version=1034
[27апр.2026 21:42:15.762] [Server thread/DEBUG] [org.inventory.inventory.server.LoadoutSyncScheduler/]: [SyncScheduler] sent S2C_LoadoutSync player=Dev version=1034
[27апр.2026 21:42:15.768] [Render thread/DEBUG] [org.inventory.inventory.network.S2CLoadoutSyncPacket/]: [S2C_Sync] received serverVersion=1034
[27апр.2026 21:42:15.768] [Render thread/DEBUG] [org.inventory.inventory.network.S2CLoadoutSyncPacket/]: [S2C_Sync] received serverVersion=1034
[27апр.2026 21:42:15.768] [Render thread/DEBUG] [org.inventory.inventory.client.screen.InventoryScreen/]: [InventoryScreen] sync received version=1034
[27апр.2026 21:42:17.905] [Server thread/DEBUG] [org.inventory.inventory.server.InventoryTransactionService/]: [InventoryTx] beginLoadoutOp: opId=0255f73d-2961-4d2e-85dd-cfd1e3215ad1 player=Dev
[27апр.2026 21:42:17.905] [Server thread/DEBUG] [org.inventory.inventory.server.InventoryTransactionService/]: [InventoryTx] validateAndApplyClick: ok slot=101 opId=0255f73d-2961-4d2e-85dd-cfd1e3215ad1
[27апр.2026 21:42:17.905] [Server thread/DEBUG] [org.inventory.inventory.server.InventoryTransactionService/]: [InventoryTx] beginLoadoutOp: opId=f35f1272-f5d9-43c0-bcd4-e37676478096 player=Dev
[27апр.2026 21:42:17.905] [Server thread/DEBUG] [org.inventory.inventory.menu.CustomInventoryMenu/]: [Menu] equipment changed for player=Dev, recalculating storage
[27апр.2026 21:42:17.905] [Server thread/DEBUG] [org.inventory.inventory.server.InventoryTransactionService/]: [InventoryTx] commit opId=f35f1272-f5d9-43c0-bcd4-e37676478096 newVersion=1035
[27апр.2026 21:42:17.905] [Server thread/DEBUG] [org.inventory.inventory.server.ArmorAttributeService/]: [ArmorService] item.inventory.usa_hazmat_cap +1.0 armor from ProtectionProfile slot=HEAD
[27апр.2026 21:42:17.905] [Server thread/DEBUG] [org.inventory.inventory.server.ArmorAttributeService/]: [ArmorService] item.inventory.usa_hazmat_chestplate +3.0 armor from ProtectionProfile slot=CHEST
[27апр.2026 21:42:17.905] [Server thread/DEBUG] [org.inventory.inventory.server.ArmorAttributeService/]: [ArmorService] item.inventory.ddr_belt +2.0 armor from ProtectionProfile slot=VEST
[27апр.2026 21:42:17.905] [Server thread/DEBUG] [org.inventory.inventory.server.ArmorAttributeService/]: [ArmorService] item.inventory.usa_hazmat_leggings +2.0 armor from ProtectionProfile slot=LEGS
[27апр.2026 21:42:17.905] [Server thread/DEBUG] [org.inventory.inventory.server.ArmorAttributeService/]: [ArmorService] applied armor=8.0 toughness=0.0 player=Dev
[27апр.2026 21:42:17.905] [Server thread/DEBUG] [org.inventory.inventory.server.LoadoutSyncScheduler/]: [SyncScheduler] sent S2C_LoadoutSync player=Dev version=1035
[27апр.2026 21:42:17.905] [Server thread/DEBUG] [org.inventory.inventory.menu.CustomInventoryMenu/]: [Menu] equipment changed for player=Dev, recalculating storage
[27апр.2026 21:42:17.905] [Server thread/DEBUG] [org.inventory.inventory.server.InventoryTransactionService/]: [InventoryTx] commit opId=0255f73d-2961-4d2e-85dd-cfd1e3215ad1 newVersion=1036
[27апр.2026 21:42:17.905] [Server thread/DEBUG] [org.inventory.inventory.server.ArmorAttributeService/]: [ArmorService] item.inventory.usa_hazmat_cap +1.0 armor from ProtectionProfile slot=HEAD
[27апр.2026 21:42:17.905] [Server thread/DEBUG] [org.inventory.inventory.server.ArmorAttributeService/]: [ArmorService] item.inventory.usa_hazmat_chestplate +3.0 armor from ProtectionProfile slot=CHEST
[27апр.2026 21:42:17.905] [Server thread/DEBUG] [org.inventory.inventory.server.ArmorAttributeService/]: [ArmorService] item.inventory.ddr_belt +2.0 armor from ProtectionProfile slot=VEST
[27апр.2026 21:42:17.905] [Server thread/DEBUG] [org.inventory.inventory.server.ArmorAttributeService/]: [ArmorService] item.inventory.usa_hazmat_leggings +2.0 armor from ProtectionProfile slot=LEGS
[27апр.2026 21:42:17.905] [Server thread/DEBUG] [org.inventory.inventory.server.ArmorAttributeService/]: [ArmorService] applied armor=8.0 toughness=0.0 player=Dev
[27апр.2026 21:42:17.905] [Server thread/DEBUG] [org.inventory.inventory.server.LoadoutSyncScheduler/]: [SyncScheduler] sent S2C_LoadoutSync player=Dev version=1036
[27апр.2026 21:42:17.912] [Render thread/DEBUG] [org.inventory.inventory.network.S2CLoadoutSyncPacket/]: [S2C_Sync] received serverVersion=1035
[27апр.2026 21:42:17.912] [Render thread/DEBUG] [org.inventory.inventory.client.screen.InventoryScreen/]: [InventoryScreen] sync received version=1035
[27апр.2026 21:42:17.913] [Render thread/DEBUG] [org.inventory.inventory.network.S2CLoadoutSyncPacket/]: [S2C_Sync] received serverVersion=1036
[27апр.2026 21:42:17.913] [Render thread/DEBUG] [org.inventory.inventory.client.screen.InventoryScreen/]: [InventoryScreen] sync received version=1036
[27апр.2026 21:42:18.472] [Server thread/DEBUG] [org.inventory.inventory.server.InventoryTransactionService/]: [InventoryTx] beginLoadoutOp: opId=439001c1-4927-465c-a03d-ae351ee27fb4 player=Dev
[27апр.2026 21:42:18.472] [Server thread/DEBUG] [org.inventory.inventory.server.InventoryTransactionService/]: [InventoryTx] validateAndApplyClick: ok slot=103 opId=439001c1-4927-465c-a03d-ae351ee27fb4
[27апр.2026 21:42:18.472] [Server thread/DEBUG] [org.inventory.inventory.server.InventoryTransactionService/]: [InventoryTx] beginLoadoutOp: opId=193dc08e-3109-4bcb-8fa2-79bce8923737 player=Dev
[27апр.2026 21:42:18.472] [Server thread/DEBUG] [org.inventory.inventory.menu.CustomInventoryMenu/]: [Menu] equipment changed for player=Dev, recalculating storage
[27апр.2026 21:42:18.472] [Server thread/DEBUG] [org.inventory.inventory.server.InventoryTransactionService/]: [InventoryTx] commit opId=193dc08e-3109-4bcb-8fa2-79bce8923737 newVersion=1037
[27апр.2026 21:42:18.472] [Server thread/DEBUG] [org.inventory.inventory.server.ArmorAttributeService/]: [ArmorService] item.inventory.usa_hazmat_cap +1.0 armor from ProtectionProfile slot=HEAD
[27апр.2026 21:42:18.472] [Server thread/DEBUG] [org.inventory.inventory.server.ArmorAttributeService/]: [ArmorService] item.inventory.usa_hazmat_chestplate +3.0 armor from ProtectionProfile slot=CHEST
[27апр.2026 21:42:18.472] [Server thread/DEBUG] [org.inventory.inventory.server.ArmorAttributeService/]: [ArmorService] item.inventory.usa_hazmat_leggings +2.0 armor from ProtectionProfile slot=LEGS
[27апр.2026 21:42:18.472] [Server thread/DEBUG] [org.inventory.inventory.server.ArmorAttributeService/]: [ArmorService] applied armor=6.0 toughness=0.0 player=Dev
[27апр.2026 21:42:18.472] [Server thread/DEBUG] [org.inventory.inventory.server.LoadoutSyncScheduler/]: [SyncScheduler] sent S2C_LoadoutSync player=Dev version=1037
[27апр.2026 21:42:18.472] [Server thread/DEBUG] [org.inventory.inventory.menu.CustomInventoryMenu/]: [Menu] equipment changed for player=Dev, recalculating storage
[27апр.2026 21:42:18.472] [Server thread/DEBUG] [org.inventory.inventory.server.InventoryTransactionService/]: [InventoryTx] commit opId=439001c1-4927-465c-a03d-ae351ee27fb4 newVersion=1038
[27апр.2026 21:42:18.472] [Server thread/DEBUG] [org.inventory.inventory.server.ArmorAttributeService/]: [ArmorService] item.inventory.usa_hazmat_cap +1.0 armor from ProtectionProfile slot=HEAD
[27апр.2026 21:42:18.472] [Server thread/DEBUG] [org.inventory.inventory.server.ArmorAttributeService/]: [ArmorService] item.inventory.usa_hazmat_chestplate +3.0 armor from ProtectionProfile slot=CHEST
[27апр.2026 21:42:18.472] [Server thread/DEBUG] [org.inventory.inventory.server.ArmorAttributeService/]: [ArmorService] item.inventory.usa_hazmat_leggings +2.0 armor from ProtectionProfile slot=LEGS
[27апр.2026 21:42:18.472] [Server thread/DEBUG] [org.inventory.inventory.server.ArmorAttributeService/]: [ArmorService] applied armor=6.0 toughness=0.0 player=Dev
[27апр.2026 21:42:18.472] [Server thread/DEBUG] [org.inventory.inventory.server.LoadoutSyncScheduler/]: [SyncScheduler] sent S2C_LoadoutSync player=Dev version=1038
[27апр.2026 21:42:18.474] [Render thread/DEBUG] [org.inventory.inventory.network.S2CLoadoutSyncPacket/]: [S2C_Sync] received serverVersion=1037
[27апр.2026 21:42:18.474] [Render thread/DEBUG] [org.inventory.inventory.client.screen.InventoryScreen/]: [InventoryScreen] sync received version=1037
[27апр.2026 21:42:18.474] [Render thread/DEBUG] [org.inventory.inventory.network.S2CLoadoutSyncPacket/]: [S2C_Sync] received serverVersion=1038
[27апр.2026 21:42:18.475] [Render thread/DEBUG] [org.inventory.inventory.client.screen.InventoryScreen/]: [InventoryScreen] sync received version=1038
[27апр.2026 21:42:18.837] [Server thread/DEBUG] [org.inventory.inventory.server.InventoryTransactionService/]: [InventoryTx] beginLoadoutOp: opId=c05f647a-9bd2-44df-81de-462cecf7d896 player=Dev
[27апр.2026 21:42:18.838] [Server thread/DEBUG] [org.inventory.inventory.server.InventoryTransactionService/]: [InventoryTx] validateAndApplyClick: ok slot=104 opId=c05f647a-9bd2-44df-81de-462cecf7d896
[27апр.2026 21:42:18.838] [Server thread/DEBUG] [org.inventory.inventory.server.InventoryTransactionService/]: [InventoryTx] beginLoadoutOp: opId=e0ee3a6f-b862-4bce-a96e-bfdb1e3f41c0 player=Dev
[27апр.2026 21:42:18.838] [Server thread/DEBUG] [org.inventory.inventory.menu.CustomInventoryMenu/]: [Menu] equipment changed for player=Dev, recalculating storage
[27апр.2026 21:42:18.838] [Server thread/DEBUG] [org.inventory.inventory.server.InventoryTransactionService/]: [InventoryTx] commit opId=e0ee3a6f-b862-4bce-a96e-bfdb1e3f41c0 newVersion=1039
[27апр.2026 21:42:18.838] [Server thread/DEBUG] [org.inventory.inventory.server.ArmorAttributeService/]: [ArmorService] item.inventory.usa_hazmat_cap +1.0 armor from ProtectionProfile slot=HEAD
[27апр.2026 21:42:18.838] [Server thread/DEBUG] [org.inventory.inventory.server.ArmorAttributeService/]: [ArmorService] item.inventory.usa_hazmat_chestplate +3.0 armor from ProtectionProfile slot=CHEST
[27апр.2026 21:42:18.838] [Server thread/DEBUG] [org.inventory.inventory.server.ArmorAttributeService/]: [ArmorService] item.inventory.usa_hazmat_leggings +2.0 armor from ProtectionProfile slot=LEGS
[27апр.2026 21:42:18.838] [Server thread/DEBUG] [org.inventory.inventory.server.ArmorAttributeService/]: [ArmorService] applied armor=6.0 toughness=0.0 player=Dev
[27апр.2026 21:42:18.838] [Server thread/DEBUG] [org.inventory.inventory.server.LoadoutSyncScheduler/]: [SyncScheduler] sent S2C_LoadoutSync player=Dev version=1039
[27апр.2026 21:42:18.838] [Server thread/DEBUG] [org.inventory.inventory.menu.CustomInventoryMenu/]: [Menu] equipment changed for player=Dev, recalculating storage
[27апр.2026 21:42:18.838] [Server thread/DEBUG] [org.inventory.inventory.server.InventoryTransactionService/]: [InventoryTx] commit opId=c05f647a-9bd2-44df-81de-462cecf7d896 newVersion=1040
[27апр.2026 21:42:18.838] [Server thread/DEBUG] [org.inventory.inventory.server.ArmorAttributeService/]: [ArmorService] item.inventory.usa_hazmat_cap +1.0 armor from ProtectionProfile slot=HEAD
[27апр.2026 21:42:18.838] [Server thread/DEBUG] [org.inventory.inventory.server.ArmorAttributeService/]: [ArmorService] item.inventory.usa_hazmat_chestplate +3.0 armor from ProtectionProfile slot=CHEST
[27апр.2026 21:42:18.838] [Server thread/DEBUG] [org.inventory.inventory.server.ArmorAttributeService/]: [ArmorService] item.inventory.usa_hazmat_leggings +2.0 armor from ProtectionProfile slot=LEGS
[27апр.2026 21:42:18.838] [Server thread/DEBUG] [org.inventory.inventory.server.ArmorAttributeService/]: [ArmorService] applied armor=6.0 toughness=0.0 player=Dev
[27апр.2026 21:42:18.838] [Server thread/DEBUG] [org.inventory.inventory.server.LoadoutSyncScheduler/]: [SyncScheduler] sent S2C_LoadoutSync player=Dev version=1040
[27апр.2026 21:42:18.846] [Render thread/DEBUG] [org.inventory.inventory.network.S2CLoadoutSyncPacket/]: [S2C_Sync] received serverVersion=1039
[27апр.2026 21:42:18.846] [Render thread/DEBUG] [org.inventory.inventory.client.screen.InventoryScreen/]: [InventoryScreen] sync received version=1039
[27апр.2026 21:42:18.846] [Render thread/DEBUG] [org.inventory.inventory.network.S2CLoadoutSyncPacket/]: [S2C_Sync] received serverVersion=1040
[27апр.2026 21:42:18.846] [Render thread/DEBUG] [org.inventory.inventory.client.screen.InventoryScreen/]: [InventoryScreen] sync received version=1040
[27апр.2026 21:42:19.057] [Server thread/DEBUG] [org.inventory.inventory.server.InventoryTransactionService/]: [InventoryTx] beginLoadoutOp: opId=1f07dd18-84a8-4011-96c2-ea4d04804e8c player=Dev
[27апр.2026 21:42:19.057] [Server thread/DEBUG] [org.inventory.inventory.server.InventoryTransactionService/]: [InventoryTx] validateAndApplyClick: ok slot=105 opId=1f07dd18-84a8-4011-96c2-ea4d04804e8c
[27апр.2026 21:42:19.058] [Server thread/DEBUG] [org.inventory.inventory.server.InventoryTransactionService/]: [InventoryTx] beginLoadoutOp: opId=5d81fdfa-1831-4b5d-aea3-047a6c437b65 player=Dev
[27апр.2026 21:42:19.058] [Server thread/DEBUG] [org.inventory.inventory.menu.CustomInventoryMenu/]: [Menu] equipment changed for player=Dev, recalculating storage
[27апр.2026 21:42:19.058] [Server thread/DEBUG] [org.inventory.inventory.server.InventoryTransactionService/]: [InventoryTx] commit opId=5d81fdfa-1831-4b5d-aea3-047a6c437b65 newVersion=1041
[27апр.2026 21:42:19.058] [Server thread/DEBUG] [org.inventory.inventory.server.ArmorAttributeService/]: [ArmorService] item.inventory.usa_hazmat_cap +1.0 armor from ProtectionProfile slot=HEAD
[27апр.2026 21:42:19.058] [Server thread/DEBUG] [org.inventory.inventory.server.ArmorAttributeService/]: [ArmorService] item.inventory.usa_hazmat_chestplate +3.0 armor from ProtectionProfile slot=CHEST
[27апр.2026 21:42:19.058] [Server thread/DEBUG] [org.inventory.inventory.server.ArmorAttributeService/]: [ArmorService] item.inventory.usa_hazmat_leggings +2.0 armor from ProtectionProfile slot=LEGS
[27апр.2026 21:42:19.058] [Server thread/DEBUG] [org.inventory.inventory.server.ArmorAttributeService/]: [ArmorService] applied armor=6.0 toughness=0.0 player=Dev
[27апр.2026 21:42:19.058] [Server thread/DEBUG] [org.inventory.inventory.server.LoadoutSyncScheduler/]: [SyncScheduler] sent S2C_LoadoutSync player=Dev version=1041
[27апр.2026 21:42:19.058] [Server thread/DEBUG] [org.inventory.inventory.menu.CustomInventoryMenu/]: [Menu] equipment changed for player=Dev, recalculating storage
[27апр.2026 21:42:19.058] [Server thread/DEBUG] [org.inventory.inventory.server.InventoryTransactionService/]: [InventoryTx] commit opId=1f07dd18-84a8-4011-96c2-ea4d04804e8c newVersion=1042
[27апр.2026 21:42:19.058] [Server thread/DEBUG] [org.inventory.inventory.server.ArmorAttributeService/]: [ArmorService] item.inventory.usa_hazmat_cap +1.0 armor from ProtectionProfile slot=HEAD
[27апр.2026 21:42:19.058] [Server thread/DEBUG] [org.inventory.inventory.server.ArmorAttributeService/]: [ArmorService] item.inventory.usa_hazmat_chestplate +3.0 armor from ProtectionProfile slot=CHEST
[27апр.2026 21:42:19.058] [Server thread/DEBUG] [org.inventory.inventory.server.ArmorAttributeService/]: [ArmorService] item.inventory.usa_hazmat_leggings +2.0 armor from ProtectionProfile slot=LEGS
[27апр.2026 21:42:19.058] [Server thread/DEBUG] [org.inventory.inventory.server.ArmorAttributeService/]: [ArmorService] applied armor=6.0 toughness=0.0 player=Dev
[27апр.2026 21:42:19.058] [Server thread/DEBUG] [org.inventory.inventory.server.LoadoutSyncScheduler/]: [SyncScheduler] sent S2C_LoadoutSync player=Dev version=1042
[27апр.2026 21:42:19.067] [Render thread/DEBUG] [org.inventory.inventory.network.S2CLoadoutSyncPacket/]: [S2C_Sync] received serverVersion=1041
[27апр.2026 21:42:19.068] [Render thread/DEBUG] [org.inventory.inventory.client.screen.InventoryScreen/]: [InventoryScreen] sync received version=1041
[27апр.2026 21:42:19.068] [Render thread/DEBUG] [org.inventory.inventory.network.S2CLoadoutSyncPacket/]: [S2C_Sync] received serverVersion=1042
[27апр.2026 21:42:19.068] [Render thread/DEBUG] [org.inventory.inventory.client.screen.InventoryScreen/]: [InventoryScreen] sync received version=1042
[27апр.2026 21:42:19.247] [Server thread/DEBUG] [org.inventory.inventory.server.InventoryTransactionService/]: [InventoryTx] beginLoadoutOp: opId=800628ad-e5fe-446c-bacd-7294a52ccc21 player=Dev
[27апр.2026 21:42:19.247] [Server thread/DEBUG] [org.inventory.inventory.server.InventoryTransactionService/]: [InventoryTx] validateAndApplyClick: ok slot=107 opId=800628ad-e5fe-446c-bacd-7294a52ccc21
[27апр.2026 21:42:19.247] [Server thread/DEBUG] [org.inventory.inventory.server.InventoryTransactionService/]: [InventoryTx] beginLoadoutOp: opId=6978a1b8-081f-421f-b565-728992220520 player=Dev
[27апр.2026 21:42:19.247] [Server thread/DEBUG] [org.inventory.inventory.menu.CustomInventoryMenu/]: [Menu] equipment changed for player=Dev, recalculating storage
[27апр.2026 21:42:19.247] [Server thread/DEBUG] [org.inventory.inventory.server.InventoryTransactionService/]: [InventoryTx] commit opId=6978a1b8-081f-421f-b565-728992220520 newVersion=1043
[27апр.2026 21:42:19.248] [Server thread/DEBUG] [org.inventory.inventory.server.ArmorAttributeService/]: [ArmorService] item.inventory.usa_hazmat_cap +1.0 armor from ProtectionProfile slot=HEAD
[27апр.2026 21:42:19.248] [Server thread/DEBUG] [org.inventory.inventory.server.ArmorAttributeService/]: [ArmorService] item.inventory.usa_hazmat_chestplate +3.0 armor from ProtectionProfile slot=CHEST
[27апр.2026 21:42:19.248] [Server thread/DEBUG] [org.inventory.inventory.server.ArmorAttributeService/]: [ArmorService] item.inventory.usa_hazmat_leggings +2.0 armor from ProtectionProfile slot=LEGS
[27апр.2026 21:42:19.248] [Server thread/DEBUG] [org.inventory.inventory.server.ArmorAttributeService/]: [ArmorService] applied armor=6.0 toughness=0.0 player=Dev
[27апр.2026 21:42:19.248] [Server thread/DEBUG] [org.inventory.inventory.server.LoadoutSyncScheduler/]: [SyncScheduler] sent S2C_LoadoutSync player=Dev version=1043
[27апр.2026 21:42:19.248] [Server thread/DEBUG] [org.inventory.inventory.menu.CustomInventoryMenu/]: [Menu] equipment changed for player=Dev, recalculating storage
[27апр.2026 21:42:19.248] [Server thread/DEBUG] [org.inventory.inventory.server.InventoryTransactionService/]: [InventoryTx] commit opId=800628ad-e5fe-446c-bacd-7294a52ccc21 newVersion=1044
[27апр.2026 21:42:19.248] [Server thread/DEBUG] [org.inventory.inventory.server.ArmorAttributeService/]: [ArmorService] item.inventory.usa_hazmat_cap +1.0 armor from ProtectionProfile slot=HEAD
[27апр.2026 21:42:19.248] [Server thread/DEBUG] [org.inventory.inventory.server.ArmorAttributeService/]: [ArmorService] item.inventory.usa_hazmat_chestplate +3.0 armor from ProtectionProfile slot=CHEST
[27апр.2026 21:42:19.248] [Server thread/DEBUG] [org.inventory.inventory.server.ArmorAttributeService/]: [ArmorService] item.inventory.usa_hazmat_leggings +2.0 armor from ProtectionProfile slot=LEGS
[27апр.2026 21:42:19.248] [Server thread/DEBUG] [org.inventory.inventory.server.ArmorAttributeService/]: [ArmorService] applied armor=6.0 toughness=0.0 player=Dev
[27апр.2026 21:42:19.248] [Server thread/DEBUG] [org.inventory.inventory.server.LoadoutSyncScheduler/]: [SyncScheduler] sent S2C_LoadoutSync player=Dev version=1044
[27апр.2026 21:42:19.255] [Render thread/DEBUG] [org.inventory.inventory.network.S2CLoadoutSyncPacket/]: [S2C_Sync] received serverVersion=1043
[27апр.2026 21:42:19.257] [Render thread/DEBUG] [org.inventory.inventory.client.screen.InventoryScreen/]: [InventoryScreen] sync received version=1043
[27апр.2026 21:42:19.257] [Render thread/DEBUG] [org.inventory.inventory.network.S2CLoadoutSyncPacket/]: [S2C_Sync] received serverVersion=1044
[27апр.2026 21:42:19.257] [Render thread/DEBUG] [org.inventory.inventory.client.screen.InventoryScreen/]: [InventoryScreen] sync received version=1044
[27апр.2026 21:42:23.458] [Render thread/DEBUG] [org.inventory.inventory.event.ClientEventHandler/]: [ClientEvents] intercepting vanilla inventory — requesting custom UI
[27апр.2026 21:42:23.458] [Server thread/DEBUG] [org.inventory.inventory.network.C2SOpenInventoryPacket/]: [C2S_OpenInv] opening custom inventory for player=Dev
[27апр.2026 21:42:23.458] [Server thread/DEBUG] [org.inventory.inventory.server.ArmorAttributeService/]: [ArmorService] item.inventory.usa_hazmat_cap +1.0 armor from ProtectionProfile slot=HEAD
[27апр.2026 21:42:23.458] [Server thread/DEBUG] [org.inventory.inventory.server.ArmorAttributeService/]: [ArmorService] item.inventory.usa_hazmat_chestplate +3.0 armor from ProtectionProfile slot=CHEST
[27апр.2026 21:42:23.458] [Server thread/DEBUG] [org.inventory.inventory.server.ArmorAttributeService/]: [ArmorService] item.inventory.usa_hazmat_leggings +2.0 armor from ProtectionProfile slot=LEGS
[27апр.2026 21:42:23.458] [Server thread/DEBUG] [org.inventory.inventory.server.ArmorAttributeService/]: [ArmorService] applied armor=6.0 toughness=0.0 player=Dev
[27апр.2026 21:42:23.458] [Server thread/DEBUG] [org.inventory.inventory.server.LoadoutSyncScheduler/]: [SyncScheduler] sent S2C_LoadoutSync player=Dev version=1044
[27апр.2026 21:42:23.459] [Server thread/DEBUG] [org.inventory.inventory.server.LoadoutSyncScheduler/]: [SyncScheduler] sent S2C_LoadoutSync player=Dev version=1044
[27апр.2026 21:42:23.465] [Render thread/DEBUG] [org.inventory.inventory.network.S2CLoadoutSyncPacket/]: [S2C_Sync] received serverVersion=1044
[27апр.2026 21:42:23.466] [Render thread/DEBUG] [org.inventory.inventory.network.S2CLoadoutSyncPacket/]: [S2C_Sync] received serverVersion=1044
[27апр.2026 21:42:23.466] [Render thread/DEBUG] [org.inventory.inventory.client.screen.InventoryScreen/]: [InventoryScreen] sync received version=1044
[27апр.2026 21:42:24.024] [Server thread/DEBUG] [org.inventory.inventory.server.InventoryTransactionService/]: [InventoryTx] beginLoadoutOp: opId=70c6de3e-9ce3-463f-a8d7-f2258170fe5f player=Dev
[27апр.2026 21:42:24.024] [Server thread/DEBUG] [org.inventory.inventory.server.InventoryTransactionService/]: [InventoryTx] validateAndApplyClick: ok slot=100 opId=70c6de3e-9ce3-463f-a8d7-f2258170fe5f
[27апр.2026 21:42:24.024] [Server thread/DEBUG] [org.inventory.inventory.server.InventoryTransactionService/]: [InventoryTx] beginLoadoutOp: opId=c46ab1e5-e664-4a54-878e-55ea25e5d62d player=Dev
[27апр.2026 21:42:24.024] [Server thread/DEBUG] [org.inventory.inventory.menu.CustomInventoryMenu/]: [Menu] equipment changed for player=Dev, recalculating storage
[27апр.2026 21:42:24.024] [Server thread/DEBUG] [org.inventory.inventory.server.InventoryTransactionService/]: [InventoryTx] commit opId=c46ab1e5-e664-4a54-878e-55ea25e5d62d newVersion=1045
[27апр.2026 21:42:24.024] [Server thread/DEBUG] [org.inventory.inventory.server.ArmorAttributeService/]: [ArmorService] item.inventory.usa_hazmat_chestplate +3.0 armor from ProtectionProfile slot=CHEST
[27апр.2026 21:42:24.024] [Server thread/DEBUG] [org.inventory.inventory.server.ArmorAttributeService/]: [ArmorService] item.inventory.usa_hazmat_leggings +2.0 armor from ProtectionProfile slot=LEGS
[27апр.2026 21:42:24.024] [Server thread/DEBUG] [org.inventory.inventory.server.ArmorAttributeService/]: [ArmorService] applied armor=5.0 toughness=0.0 player=Dev
[27апр.2026 21:42:24.024] [Server thread/DEBUG] [org.inventory.inventory.server.LoadoutSyncScheduler/]: [SyncScheduler] sent S2C_LoadoutSync player=Dev version=1045
[27апр.2026 21:42:24.024] [Server thread/DEBUG] [org.inventory.inventory.menu.CustomInventoryMenu/]: [Menu] equipment changed for player=Dev, recalculating storage
[27апр.2026 21:42:24.024] [Server thread/DEBUG] [org.inventory.inventory.server.InventoryTransactionService/]: [InventoryTx] commit opId=70c6de3e-9ce3-463f-a8d7-f2258170fe5f newVersion=1046
[27апр.2026 21:42:24.024] [Server thread/DEBUG] [org.inventory.inventory.server.ArmorAttributeService/]: [ArmorService] item.inventory.usa_hazmat_chestplate +3.0 armor from ProtectionProfile slot=CHEST
[27апр.2026 21:42:24.024] [Server thread/DEBUG] [org.inventory.inventory.server.ArmorAttributeService/]: [ArmorService] item.inventory.usa_hazmat_leggings +2.0 armor from ProtectionProfile slot=LEGS
[27апр.2026 21:42:24.024] [Server thread/DEBUG] [org.inventory.inventory.server.ArmorAttributeService/]: [ArmorService] applied armor=5.0 toughness=0.0 player=Dev
[27апр.2026 21:42:24.024] [Server thread/DEBUG] [org.inventory.inventory.server.LoadoutSyncScheduler/]: [SyncScheduler] sent S2C_LoadoutSync player=Dev version=1046
[27апр.2026 21:42:24.026] [Render thread/DEBUG] [org.inventory.inventory.network.S2CLoadoutSyncPacket/]: [S2C_Sync] received serverVersion=1045
[27апр.2026 21:42:24.026] [Render thread/DEBUG] [org.inventory.inventory.client.screen.InventoryScreen/]: [InventoryScreen] sync received version=1045
[27апр.2026 21:42:24.026] [Render thread/DEBUG] [org.inventory.inventory.network.S2CLoadoutSyncPacket/]: [S2C_Sync] received serverVersion=1046
[27апр.2026 21:42:24.026] [Render thread/DEBUG] [org.inventory.inventory.client.screen.InventoryScreen/]: [InventoryScreen] sync received version=1046
[27апр.2026 21:42:24.331] [Server thread/DEBUG] [org.inventory.inventory.server.InventoryTransactionService/]: [InventoryTx] beginLoadoutOp: opId=da3463d9-972b-4f6f-9a2a-ea6e52a0a87a player=Dev
[27апр.2026 21:42:24.331] [Server thread/DEBUG] [org.inventory.inventory.server.InventoryTransactionService/]: [InventoryTx] validateAndApplyClick: ok slot=102 opId=da3463d9-972b-4f6f-9a2a-ea6e52a0a87a
[27апр.2026 21:42:24.331] [Server thread/DEBUG] [org.inventory.inventory.server.InventoryTransactionService/]: [InventoryTx] beginLoadoutOp: opId=67952129-63b2-4ec3-a366-6e44f63b0c50 player=Dev
[27апр.2026 21:42:24.331] [Server thread/DEBUG] [org.inventory.inventory.menu.CustomInventoryMenu/]: [Menu] equipment changed for player=Dev, recalculating storage
[27апр.2026 21:42:24.331] [Server thread/DEBUG] [org.inventory.inventory.server.InventoryTransactionService/]: [InventoryTx] commit opId=67952129-63b2-4ec3-a366-6e44f63b0c50 newVersion=1047
[27апр.2026 21:42:24.331] [Server thread/DEBUG] [org.inventory.inventory.server.ArmorAttributeService/]: [ArmorService] item.inventory.usa_hazmat_leggings +2.0 armor from ProtectionProfile slot=LEGS
[27апр.2026 21:42:24.331] [Server thread/DEBUG] [org.inventory.inventory.server.ArmorAttributeService/]: [ArmorService] applied armor=2.0 toughness=0.0 player=Dev
[27апр.2026 21:42:24.331] [Server thread/DEBUG] [org.inventory.inventory.server.LoadoutSyncScheduler/]: [SyncScheduler] sent S2C_LoadoutSync player=Dev version=1047
[27апр.2026 21:42:24.331] [Server thread/DEBUG] [org.inventory.inventory.menu.CustomInventoryMenu/]: [Menu] equipment changed for player=Dev, recalculating storage
[27апр.2026 21:42:24.331] [Server thread/DEBUG] [org.inventory.inventory.server.InventoryTransactionService/]: [InventoryTx] commit opId=da3463d9-972b-4f6f-9a2a-ea6e52a0a87a newVersion=1048
[27апр.2026 21:42:24.331] [Server thread/DEBUG] [org.inventory.inventory.server.ArmorAttributeService/]: [ArmorService] item.inventory.usa_hazmat_leggings +2.0 armor from ProtectionProfile slot=LEGS
[27апр.2026 21:42:24.331] [Server thread/DEBUG] [org.inventory.inventory.server.ArmorAttributeService/]: [ArmorService] applied armor=2.0 toughness=0.0 player=Dev
[27апр.2026 21:42:24.331] [Server thread/DEBUG] [org.inventory.inventory.server.LoadoutSyncScheduler/]: [SyncScheduler] sent S2C_LoadoutSync player=Dev version=1048
[27апр.2026 21:42:24.337] [Render thread/DEBUG] [org.inventory.inventory.network.S2CLoadoutSyncPacket/]: [S2C_Sync] received serverVersion=1047
[27апр.2026 21:42:24.337] [Render thread/DEBUG] [org.inventory.inventory.client.screen.InventoryScreen/]: [InventoryScreen] sync received version=1047
[27апр.2026 21:42:24.337] [Render thread/DEBUG] [org.inventory.inventory.network.S2CLoadoutSyncPacket/]: [S2C_Sync] received serverVersion=1048
[27апр.2026 21:42:24.337] [Render thread/DEBUG] [org.inventory.inventory.client.screen.InventoryScreen/]: [InventoryScreen] sync received version=1048
[27апр.2026 21:42:24.972] [Server thread/DEBUG] [org.inventory.inventory.server.InventoryTransactionService/]: [InventoryTx] beginLoadoutOp: opId=16ccec16-40d2-40e3-835f-4abb9b1b71b0 player=Dev
[27апр.2026 21:42:24.973] [Server thread/DEBUG] [org.inventory.inventory.server.InventoryTransactionService/]: [InventoryTx] validateAndApplyClick: ok slot=106 opId=16ccec16-40d2-40e3-835f-4abb9b1b71b0
[27апр.2026 21:42:24.973] [Server thread/DEBUG] [org.inventory.inventory.server.InventoryTransactionService/]: [InventoryTx] beginLoadoutOp: opId=4fa32440-aa47-4c8a-acc2-3b007379009f player=Dev
[27апр.2026 21:42:24.973] [Server thread/DEBUG] [org.inventory.inventory.menu.CustomInventoryMenu/]: [Menu] equipment changed for player=Dev, recalculating storage
[27апр.2026 21:42:24.973] [Server thread/DEBUG] [org.inventory.inventory.server.InventoryTransactionService/]: [InventoryTx] commit opId=4fa32440-aa47-4c8a-acc2-3b007379009f newVersion=1049
[27апр.2026 21:42:24.973] [Server thread/DEBUG] [org.inventory.inventory.server.ArmorAttributeService/]: [ArmorService] applied armor=0.0 toughness=0.0 player=Dev
[27апр.2026 21:42:24.973] [Server thread/DEBUG] [org.inventory.inventory.server.LoadoutSyncScheduler/]: [SyncScheduler] sent S2C_LoadoutSync player=Dev version=1049
[27апр.2026 21:42:24.973] [Server thread/DEBUG] [org.inventory.inventory.menu.CustomInventoryMenu/]: [Menu] equipment changed for player=Dev, recalculating storage
[27апр.2026 21:42:24.973] [Server thread/DEBUG] [org.inventory.inventory.server.InventoryTransactionService/]: [InventoryTx] commit opId=16ccec16-40d2-40e3-835f-4abb9b1b71b0 newVersion=1050
[27апр.2026 21:42:24.973] [Server thread/DEBUG] [org.inventory.inventory.server.ArmorAttributeService/]: [ArmorService] applied armor=0.0 toughness=0.0 player=Dev
[27апр.2026 21:42:24.973] [Server thread/DEBUG] [org.inventory.inventory.server.LoadoutSyncScheduler/]: [SyncScheduler] sent S2C_LoadoutSync player=Dev version=1050
[27апр.2026 21:42:24.978] [Render thread/DEBUG] [org.inventory.inventory.network.S2CLoadoutSyncPacket/]: [S2C_Sync] received serverVersion=1049
[27апр.2026 21:42:24.978] [Render thread/DEBUG] [org.inventory.inventory.client.screen.InventoryScreen/]: [InventoryScreen] sync received version=1049
[27апр.2026 21:42:24.978] [Render thread/DEBUG] [org.inventory.inventory.network.S2CLoadoutSyncPacket/]: [S2C_Sync] received serverVersion=1050
[27апр.2026 21:42:24.978] [Render thread/DEBUG] [org.inventory.inventory.client.screen.InventoryScreen/]: [InventoryScreen] sync received version=1050
[27апр.2026 21:42:27.059] [Render thread/DEBUG] [org.inventory.inventory.event.ClientEventHandler/]: [ClientEvents] intercepting vanilla inventory — requesting custom UI
[27апр.2026 21:42:27.060] [Server thread/DEBUG] [org.inventory.inventory.network.C2SOpenInventoryPacket/]: [C2S_OpenInv] opening custom inventory for player=Dev
[27апр.2026 21:42:27.060] [Server thread/DEBUG] [org.inventory.inventory.server.ArmorAttributeService/]: [ArmorService] applied armor=0.0 toughness=0.0 player=Dev
[27апр.2026 21:42:27.060] [Server thread/DEBUG] [org.inventory.inventory.server.LoadoutSyncScheduler/]: [SyncScheduler] sent S2C_LoadoutSync player=Dev version=1050
[27апр.2026 21:42:27.060] [Server thread/DEBUG] [org.inventory.inventory.server.LoadoutSyncScheduler/]: [SyncScheduler] sent S2C_LoadoutSync player=Dev version=1050
[27апр.2026 21:42:27.066] [Render thread/DEBUG] [org.inventory.inventory.network.S2CLoadoutSyncPacket/]: [S2C_Sync] received serverVersion=1050
[27апр.2026 21:42:27.067] [Render thread/DEBUG] [org.inventory.inventory.network.S2CLoadoutSyncPacket/]: [S2C_Sync] received serverVersion=1050
[27апр.2026 21:42:27.067] [Render thread/DEBUG] [org.inventory.inventory.client.screen.InventoryScreen/]: [InventoryScreen] sync received version=1050
[27апр.2026 21:42:27.661] [Server thread/DEBUG] [org.inventory.inventory.server.InventoryTransactionService/]: [InventoryTx] beginLoadoutOp: opId=983caf92-1af7-4d81-b725-df9f57c4eef4 player=Dev
[27апр.2026 21:42:27.661] [Server thread/DEBUG] [org.inventory.inventory.menu.CustomInventoryMenu/]: [Menu] equipment changed for player=Dev, recalculating storage
[27апр.2026 21:42:27.661] [Server thread/DEBUG] [org.inventory.inventory.server.InventoryTransactionService/]: [InventoryTx] commit opId=983caf92-1af7-4d81-b725-df9f57c4eef4 newVersion=1051
[27апр.2026 21:42:27.661] [Server thread/DEBUG] [org.inventory.inventory.server.ArmorAttributeService/]: [ArmorService] item.inventory.usa_hazmat_leggings +2.0 armor from ProtectionProfile slot=LEGS
[27апр.2026 21:42:27.662] [Server thread/DEBUG] [org.inventory.inventory.server.ArmorAttributeService/]: [ArmorService] applied armor=2.0 toughness=0.0 player=Dev
[27апр.2026 21:42:27.662] [Server thread/DEBUG] [org.inventory.inventory.server.LoadoutSyncScheduler/]: [SyncScheduler] sent S2C_LoadoutSync player=Dev version=1051
[27апр.2026 21:42:27.671] [Render thread/DEBUG] [org.inventory.inventory.network.S2CLoadoutSyncPacket/]: [S2C_Sync] received serverVersion=1051
[27апр.2026 21:42:27.671] [Render thread/DEBUG] [org.inventory.inventory.client.screen.InventoryScreen/]: [InventoryScreen] sync received version=1051
[27апр.2026 21:42:28.249] [Server thread/DEBUG] [org.inventory.inventory.server.InventoryTransactionService/]: [InventoryTx] beginLoadoutOp: opId=3b781f07-3355-498d-ab2e-6e17e84de57a player=Dev
[27апр.2026 21:42:28.249] [Server thread/DEBUG] [org.inventory.inventory.menu.CustomInventoryMenu/]: [Menu] equipment changed for player=Dev, recalculating storage
[27апр.2026 21:42:28.249] [Server thread/DEBUG] [org.inventory.inventory.server.InventoryTransactionService/]: [InventoryTx] commit opId=3b781f07-3355-498d-ab2e-6e17e84de57a newVersion=1052
[27апр.2026 21:42:28.249] [Server thread/DEBUG] [org.inventory.inventory.server.ArmorAttributeService/]: [ArmorService] item.inventory.usa_hazmat_chestplate +3.0 armor from ProtectionProfile slot=CHEST
[27апр.2026 21:42:28.249] [Server thread/DEBUG] [org.inventory.inventory.server.ArmorAttributeService/]: [ArmorService] item.inventory.usa_hazmat_leggings +2.0 armor from ProtectionProfile slot=LEGS
[27апр.2026 21:42:28.249] [Server thread/DEBUG] [org.inventory.inventory.server.ArmorAttributeService/]: [ArmorService] applied armor=5.0 toughness=0.0 player=Dev
[27апр.2026 21:42:28.249] [Server thread/DEBUG] [org.inventory.inventory.server.LoadoutSyncScheduler/]: [SyncScheduler] sent S2C_LoadoutSync player=Dev version=1052
[27апр.2026 21:42:28.255] [Render thread/DEBUG] [org.inventory.inventory.network.S2CLoadoutSyncPacket/]: [S2C_Sync] received serverVersion=1052
[27апр.2026 21:42:28.255] [Render thread/DEBUG] [org.inventory.inventory.client.screen.InventoryScreen/]: [InventoryScreen] sync received version=1052
[27апр.2026 21:42:29.317] [Server thread/DEBUG] [org.inventory.inventory.server.InventoryTransactionService/]: [InventoryTx] beginLoadoutOp: opId=27ce94f6-444c-4ccf-afe5-cca7fbfa8e7d player=Dev
[27апр.2026 21:42:29.317] [Server thread/DEBUG] [org.inventory.inventory.menu.CustomInventoryMenu/]: [Menu] equipment changed for player=Dev, recalculating storage
[27апр.2026 21:42:29.317] [Server thread/DEBUG] [org.inventory.inventory.server.InventoryTransactionService/]: [InventoryTx] commit opId=27ce94f6-444c-4ccf-afe5-cca7fbfa8e7d newVersion=1053
[27апр.2026 21:42:29.317] [Server thread/DEBUG] [org.inventory.inventory.server.ArmorAttributeService/]: [ArmorService] item.inventory.usa_hazmat_chestplate +3.0 armor from ProtectionProfile slot=CHEST
[27апр.2026 21:42:29.317] [Server thread/DEBUG] [org.inventory.inventory.server.ArmorAttributeService/]: [ArmorService] item.inventory.usa_hazmat_leggings +2.0 armor from ProtectionProfile slot=LEGS
[27апр.2026 21:42:29.317] [Server thread/DEBUG] [org.inventory.inventory.server.ArmorAttributeService/]: [ArmorService] applied armor=5.0 toughness=0.0 player=Dev
[27апр.2026 21:42:29.317] [Server thread/DEBUG] [org.inventory.inventory.server.LoadoutSyncScheduler/]: [SyncScheduler] sent S2C_LoadoutSync player=Dev version=1053
[27апр.2026 21:42:29.323] [Render thread/DEBUG] [org.inventory.inventory.network.S2CLoadoutSyncPacket/]: [S2C_Sync] received serverVersion=1053
[27апр.2026 21:42:29.323] [Render thread/DEBUG] [org.inventory.inventory.client.screen.InventoryScreen/]: [InventoryScreen] sync received version=1053
[27апр.2026 21:42:29.585] [Server thread/DEBUG] [org.inventory.inventory.server.InventoryTransactionService/]: [InventoryTx] beginLoadoutOp: opId=76a974f4-86cc-4d78-ab7f-4e8eb87a0cec player=Dev
[27апр.2026 21:42:29.585] [Server thread/DEBUG] [org.inventory.inventory.menu.CustomInventoryMenu/]: [Menu] equipment changed for player=Dev, recalculating storage
[27апр.2026 21:42:29.585] [Server thread/DEBUG] [org.inventory.inventory.server.InventoryTransactionService/]: [InventoryTx] commit opId=76a974f4-86cc-4d78-ab7f-4e8eb87a0cec newVersion=1054
[27апр.2026 21:42:29.585] [Server thread/DEBUG] [org.inventory.inventory.server.ArmorAttributeService/]: [ArmorService] item.inventory.usa_hazmat_chestplate +3.0 armor from ProtectionProfile slot=CHEST
[27апр.2026 21:42:29.585] [Server thread/DEBUG] [org.inventory.inventory.server.ArmorAttributeService/]: [ArmorService] item.inventory.usa_hazmat_leggings +2.0 armor from ProtectionProfile slot=LEGS
[27апр.2026 21:42:29.585] [Server thread/DEBUG] [org.inventory.inventory.server.ArmorAttributeService/]: [ArmorService] applied armor=5.0 toughness=0.0 player=Dev
[27апр.2026 21:42:29.585] [Server thread/DEBUG] [org.inventory.inventory.server.LoadoutSyncScheduler/]: [SyncScheduler] sent S2C_LoadoutSync player=Dev version=1054
[27апр.2026 21:42:29.592] [Render thread/DEBUG] [org.inventory.inventory.network.S2CLoadoutSyncPacket/]: [S2C_Sync] received serverVersion=1054
[27апр.2026 21:42:29.592] [Render thread/DEBUG] [org.inventory.inventory.client.screen.InventoryScreen/]: [InventoryScreen] sync received version=1054
[27апр.2026 21:42:30.822] [Server thread/DEBUG] [org.inventory.inventory.server.InventoryTransactionService/]: [InventoryTx] beginLoadoutOp: opId=9ac37985-9b17-4704-ad70-d4084a914b3b player=Dev
[27апр.2026 21:42:30.822] [Server thread/DEBUG] [org.inventory.inventory.menu.CustomInventoryMenu/]: [Menu] equipment changed for player=Dev, recalculating storage
[27апр.2026 21:42:30.822] [Server thread/DEBUG] [org.inventory.inventory.server.InventoryTransactionService/]: [InventoryTx] commit opId=9ac37985-9b17-4704-ad70-d4084a914b3b newVersion=1055
[27апр.2026 21:42:30.822] [Server thread/DEBUG] [org.inventory.inventory.server.ArmorAttributeService/]: [ArmorService] item.inventory.usa_hazmat_chestplate +3.0 armor from ProtectionProfile slot=CHEST
[27апр.2026 21:42:30.822] [Server thread/DEBUG] [org.inventory.inventory.server.ArmorAttributeService/]: [ArmorService] item.inventory.usa_hazmat_leggings +2.0 armor from ProtectionProfile slot=LEGS
[27апр.2026 21:42:30.822] [Server thread/DEBUG] [org.inventory.inventory.server.ArmorAttributeService/]: [ArmorService] applied armor=5.0 toughness=0.0 player=Dev
[27апр.2026 21:42:30.822] [Server thread/DEBUG] [org.inventory.inventory.server.LoadoutSyncScheduler/]: [SyncScheduler] sent S2C_LoadoutSync player=Dev version=1055
[27апр.2026 21:42:30.828] [Render thread/DEBUG] [org.inventory.inventory.network.S2CLoadoutSyncPacket/]: [S2C_Sync] received serverVersion=1055
[27апр.2026 21:42:30.828] [Render thread/DEBUG] [org.inventory.inventory.client.screen.InventoryScreen/]: [InventoryScreen] sync received version=1055
[27апр.2026 21:42:31.192] [Server thread/DEBUG] [org.inventory.inventory.server.InventoryTransactionService/]: [InventoryTx] beginLoadoutOp: opId=299fa471-cc2c-40dd-874e-b262c11e0685 player=Dev
[27апр.2026 21:42:31.192] [Server thread/DEBUG] [org.inventory.inventory.menu.CustomInventoryMenu/]: [Menu] equipment changed for player=Dev, recalculating storage
[27апр.2026 21:42:31.192] [Server thread/DEBUG] [org.inventory.inventory.server.InventoryTransactionService/]: [InventoryTx] commit opId=299fa471-cc2c-40dd-874e-b262c11e0685 newVersion=1056
[27апр.2026 21:42:31.192] [Server thread/DEBUG] [org.inventory.inventory.server.ArmorAttributeService/]: [ArmorService] item.inventory.usa_hazmat_chestplate +3.0 armor from ProtectionProfile slot=CHEST
[27апр.2026 21:42:31.192] [Server thread/DEBUG] [org.inventory.inventory.server.ArmorAttributeService/]: [ArmorService] item.inventory.ddr_belt +2.0 armor from ProtectionProfile slot=VEST
[27апр.2026 21:42:31.192] [Server thread/DEBUG] [org.inventory.inventory.server.ArmorAttributeService/]: [ArmorService] item.inventory.usa_hazmat_leggings +2.0 armor from ProtectionProfile slot=LEGS
[27апр.2026 21:42:31.192] [Server thread/DEBUG] [org.inventory.inventory.server.ArmorAttributeService/]: [ArmorService] applied armor=7.0 toughness=0.0 player=Dev
[27апр.2026 21:42:31.192] [Server thread/DEBUG] [org.inventory.inventory.server.LoadoutSyncScheduler/]: [SyncScheduler] sent S2C_LoadoutSync player=Dev version=1056
[27апр.2026 21:42:31.198] [Render thread/DEBUG] [org.inventory.inventory.network.S2CLoadoutSyncPacket/]: [S2C_Sync] received serverVersion=1056
[27апр.2026 21:42:31.198] [Render thread/DEBUG] [org.inventory.inventory.client.screen.InventoryScreen/]: [InventoryScreen] sync received version=1056
[27апр.2026 21:42:34.558] [Render thread/DEBUG] [org.inventory.inventory.event.ClientEventHandler/]: [ClientEvents] intercepting vanilla inventory — requesting custom UI
[27апр.2026 21:42:34.559] [Server thread/DEBUG] [org.inventory.inventory.network.C2SOpenInventoryPacket/]: [C2S_OpenInv] opening custom inventory for player=Dev
[27апр.2026 21:42:34.559] [Server thread/DEBUG] [org.inventory.inventory.server.ArmorAttributeService/]: [ArmorService] item.inventory.usa_hazmat_chestplate +3.0 armor from ProtectionProfile slot=CHEST
[27апр.2026 21:42:34.559] [Server thread/DEBUG] [org.inventory.inventory.server.ArmorAttributeService/]: [ArmorService] item.inventory.ddr_belt +2.0 armor from ProtectionProfile slot=VEST
[27апр.2026 21:42:34.559] [Server thread/DEBUG] [org.inventory.inventory.server.ArmorAttributeService/]: [ArmorService] item.inventory.usa_hazmat_leggings +2.0 armor from ProtectionProfile slot=LEGS
[27апр.2026 21:42:34.559] [Server thread/DEBUG] [org.inventory.inventory.server.ArmorAttributeService/]: [ArmorService] applied armor=7.0 toughness=0.0 player=Dev
[27апр.2026 21:42:34.559] [Server thread/DEBUG] [org.inventory.inventory.server.LoadoutSyncScheduler/]: [SyncScheduler] sent S2C_LoadoutSync player=Dev version=1056
[27апр.2026 21:42:34.559] [Server thread/DEBUG] [org.inventory.inventory.server.LoadoutSyncScheduler/]: [SyncScheduler] sent S2C_LoadoutSync player=Dev version=1056
[27апр.2026 21:42:34.565] [Render thread/DEBUG] [org.inventory.inventory.network.S2CLoadoutSyncPacket/]: [S2C_Sync] received serverVersion=1056
[27апр.2026 21:42:34.565] [Render thread/DEBUG] [org.inventory.inventory.network.S2CLoadoutSyncPacket/]: [S2C_Sync] received serverVersion=1056
[27апр.2026 21:42:34.566] [Render thread/DEBUG] [org.inventory.inventory.client.screen.InventoryScreen/]: [InventoryScreen] sync received version=1056
[27апр.2026 21:42:35.192] [Server thread/DEBUG] [org.inventory.inventory.server.InventoryTransactionService/]: [InventoryTx] beginLoadoutOp: opId=5bd3b332-29df-4a00-8cc7-c20b6f0b0566 player=Dev
[27апр.2026 21:42:35.192] [Server thread/DEBUG] [org.inventory.inventory.menu.CustomInventoryMenu/]: [Menu] equipment changed for player=Dev, recalculating storage
[27апр.2026 21:42:35.192] [Server thread/DEBUG] [org.inventory.inventory.server.InventoryTransactionService/]: [InventoryTx] commit opId=5bd3b332-29df-4a00-8cc7-c20b6f0b0566 newVersion=1057
[27апр.2026 21:42:35.192] [Server thread/DEBUG] [org.inventory.inventory.server.ArmorAttributeService/]: [ArmorService] item.inventory.usa_hazmat_cap +1.0 armor from ProtectionProfile slot=HEAD
[27апр.2026 21:42:35.192] [Server thread/DEBUG] [org.inventory.inventory.server.ArmorAttributeService/]: [ArmorService] item.inventory.usa_hazmat_chestplate +3.0 armor from ProtectionProfile slot=CHEST
[27апр.2026 21:42:35.192] [Server thread/DEBUG] [org.inventory.inventory.server.ArmorAttributeService/]: [ArmorService] item.inventory.ddr_belt +2.0 armor from ProtectionProfile slot=VEST
[27апр.2026 21:42:35.192] [Server thread/DEBUG] [org.inventory.inventory.server.ArmorAttributeService/]: [ArmorService] item.inventory.usa_hazmat_leggings +2.0 armor from ProtectionProfile slot=LEGS
[27апр.2026 21:42:35.192] [Server thread/DEBUG] [org.inventory.inventory.server.ArmorAttributeService/]: [ArmorService] applied armor=8.0 toughness=0.0 player=Dev
[27апр.2026 21:42:35.193] [Server thread/DEBUG] [org.inventory.inventory.server.LoadoutSyncScheduler/]: [SyncScheduler] sent S2C_LoadoutSync player=Dev version=1057
[27апр.2026 21:42:35.200] [Render thread/DEBUG] [org.inventory.inventory.network.S2CLoadoutSyncPacket/]: [S2C_Sync] received serverVersion=1057
[27апр.2026 21:42:35.200] [Render thread/DEBUG] [org.inventory.inventory.client.screen.InventoryScreen/]: [InventoryScreen] sync received version=1057
[27апр.2026 21:42:39.301] [Server thread/DEBUG] [net.minecraftforge.common.ForgeHooks/WP]: Gathering id map for writing to world save Новый мир
[27апр.2026 21:42:39.309] [Server thread/DEBUG] [net.minecraftforge.common.ForgeHooks/WP]: ID Map collection complete Новый мир
[27апр.2026 21:42:41.007] [Render thread/DEBUG] [org.inventory.inventory.event.ClientEventHandler/]: [ClientEvents] intercepting vanilla inventory — requesting custom UI
[27апр.2026 21:42:41.007] [Server thread/DEBUG] [org.inventory.inventory.network.C2SOpenInventoryPacket/]: [C2S_OpenInv] opening custom inventory for player=Dev
[27апр.2026 21:42:41.007] [Server thread/DEBUG] [org.inventory.inventory.server.ArmorAttributeService/]: [ArmorService] item.inventory.usa_hazmat_cap +1.0 armor from ProtectionProfile slot=HEAD
[27апр.2026 21:42:41.008] [Server thread/DEBUG] [org.inventory.inventory.server.ArmorAttributeService/]: [ArmorService] item.inventory.usa_hazmat_chestplate +3.0 armor from ProtectionProfile slot=CHEST
[27апр.2026 21:42:41.008] [Server thread/DEBUG] [org.inventory.inventory.server.ArmorAttributeService/]: [ArmorService] item.inventory.ddr_belt +2.0 armor from ProtectionProfile slot=VEST
[27апр.2026 21:42:41.008] [Server thread/DEBUG] [org.inventory.inventory.server.ArmorAttributeService/]: [ArmorService] item.inventory.usa_hazmat_leggings +2.0 armor from ProtectionProfile slot=LEGS
[27апр.2026 21:42:41.008] [Server thread/DEBUG] [org.inventory.inventory.server.ArmorAttributeService/]: [ArmorService] applied armor=8.0 toughness=0.0 player=Dev
[27апр.2026 21:42:41.008] [Server thread/DEBUG] [org.inventory.inventory.server.LoadoutSyncScheduler/]: [SyncScheduler] sent S2C_LoadoutSync player=Dev version=1057
[27апр.2026 21:42:41.008] [Server thread/DEBUG] [org.inventory.inventory.server.LoadoutSyncScheduler/]: [SyncScheduler] sent S2C_LoadoutSync player=Dev version=1057
[27апр.2026 21:42:41.012] [Render thread/DEBUG] [org.inventory.inventory.network.S2CLoadoutSyncPacket/]: [S2C_Sync] received serverVersion=1057
[27апр.2026 21:42:41.012] [Render thread/DEBUG] [org.inventory.inventory.network.S2CLoadoutSyncPacket/]: [S2C_Sync] received serverVersion=1057
[27апр.2026 21:42:41.012] [Render thread/DEBUG] [org.inventory.inventory.client.screen.InventoryScreen/]: [InventoryScreen] sync received version=1057
[27апр.2026 21:42:41.658] [Render thread/DEBUG] [org.inventory.inventory.event.ClientEventHandler/]: [ClientEvents] intercepting vanilla inventory — requesting custom UI
[27апр.2026 21:42:41.658] [Server thread/DEBUG] [org.inventory.inventory.network.C2SOpenInventoryPacket/]: [C2S_OpenInv] opening custom inventory for player=Dev
[27апр.2026 21:42:41.658] [Server thread/DEBUG] [org.inventory.inventory.server.ArmorAttributeService/]: [ArmorService] item.inventory.usa_hazmat_cap +1.0 armor from ProtectionProfile slot=HEAD
[27апр.2026 21:42:41.658] [Server thread/DEBUG] [org.inventory.inventory.server.ArmorAttributeService/]: [ArmorService] item.inventory.usa_hazmat_chestplate +3.0 armor from ProtectionProfile slot=CHEST
[27апр.2026 21:42:41.658] [Server thread/DEBUG] [org.inventory.inventory.server.ArmorAttributeService/]: [ArmorService] item.inventory.ddr_belt +2.0 armor from ProtectionProfile slot=VEST
[27апр.2026 21:42:41.659] [Server thread/DEBUG] [org.inventory.inventory.server.ArmorAttributeService/]: [ArmorService] item.inventory.usa_hazmat_leggings +2.0 armor from ProtectionProfile slot=LEGS
[27апр.2026 21:42:41.659] [Server thread/DEBUG] [org.inventory.inventory.server.ArmorAttributeService/]: [ArmorService] applied armor=8.0 toughness=0.0 player=Dev
[27апр.2026 21:42:41.659] [Server thread/DEBUG] [org.inventory.inventory.server.LoadoutSyncScheduler/]: [SyncScheduler] sent S2C_LoadoutSync player=Dev version=1057
[27апр.2026 21:42:41.659] [Server thread/DEBUG] [org.inventory.inventory.server.LoadoutSyncScheduler/]: [SyncScheduler] sent S2C_LoadoutSync player=Dev version=1057
[27апр.2026 21:42:41.662] [Render thread/DEBUG] [org.inventory.inventory.network.S2CLoadoutSyncPacket/]: [S2C_Sync] received serverVersion=1057
[27апр.2026 21:42:41.664] [Render thread/DEBUG] [org.inventory.inventory.network.S2CLoadoutSyncPacket/]: [S2C_Sync] received serverVersion=1057
[27апр.2026 21:42:41.664] [Render thread/DEBUG] [org.inventory.inventory.client.screen.InventoryScreen/]: [InventoryScreen] sync received version=1057
[27апр.2026 21:44:16.464] [Server thread/DEBUG] [org.inventory.inventory.server.InventoryTransactionService/]: [InventoryTx] beginLoadoutOp: opId=a026ea6e-f6ca-46ca-b1e8-0a340d22a371 player=Dev
[27апр.2026 21:44:16.465] [Server thread/DEBUG] [org.inventory.inventory.menu.CustomInventoryMenu/]: [Menu] equipment changed for player=Dev, recalculating storage
[27апр.2026 21:44:16.465] [Server thread/DEBUG] [org.inventory.inventory.server.InventoryTransactionService/]: [InventoryTx] commit opId=a026ea6e-f6ca-46ca-b1e8-0a340d22a371 newVersion=1058
[27апр.2026 21:44:16.465] [Server thread/DEBUG] [org.inventory.inventory.server.ArmorAttributeService/]: [ArmorService] item.inventory.usa_hazmat_cap +1.0 armor from ProtectionProfile slot=HEAD
[27апр.2026 21:44:16.465] [Server thread/DEBUG] [org.inventory.inventory.server.ArmorAttributeService/]: [ArmorService] item.inventory.m40_gasmask +1.0 armor from ProtectionProfile slot=FACE
[27апр.2026 21:44:16.465] [Server thread/DEBUG] [org.inventory.inventory.server.ArmorAttributeService/]: [ArmorService] item.inventory.usa_hazmat_chestplate +3.0 armor from ProtectionProfile slot=CHEST
[27апр.2026 21:44:16.465] [Server thread/DEBUG] [org.inventory.inventory.server.ArmorAttributeService/]: [ArmorService] item.inventory.ddr_belt +2.0 armor from ProtectionProfile slot=VEST
[27апр.2026 21:44:16.465] [Server thread/DEBUG] [org.inventory.inventory.server.ArmorAttributeService/]: [ArmorService] item.inventory.usa_hazmat_leggings +2.0 armor from ProtectionProfile slot=LEGS
[27апр.2026 21:44:16.465] [Server thread/DEBUG] [org.inventory.inventory.server.ArmorAttributeService/]: [ArmorService] applied armor=9.0 toughness=0.0 player=Dev
[27апр.2026 21:44:16.465] [Server thread/DEBUG] [org.inventory.inventory.server.LoadoutSyncScheduler/]: [SyncScheduler] sent S2C_LoadoutSync player=Dev version=1058
[27апр.2026 21:44:16.470] [Render thread/DEBUG] [org.inventory.inventory.network.S2CLoadoutSyncPacket/]: [S2C_Sync] received serverVersion=1058
[27апр.2026 21:44:16.470] [Render thread/DEBUG] [org.inventory.inventory.client.screen.InventoryScreen/]: [InventoryScreen] sync received version=1058
[27апр.2026 21:44:18.957] [Render thread/DEBUG] [org.inventory.inventory.event.ClientEventHandler/]: [ClientEvents] intercepting vanilla inventory — requesting custom UI
[27апр.2026 21:44:18.957] [Server thread/DEBUG] [org.inventory.inventory.network.C2SOpenInventoryPacket/]: [C2S_OpenInv] opening custom inventory for player=Dev
[27апр.2026 21:44:18.957] [Server thread/DEBUG] [org.inventory.inventory.server.ArmorAttributeService/]: [ArmorService] item.inventory.usa_hazmat_cap +1.0 armor from ProtectionProfile slot=HEAD
[27апр.2026 21:44:18.958] [Server thread/DEBUG] [org.inventory.inventory.server.ArmorAttributeService/]: [ArmorService] item.inventory.m40_gasmask +1.0 armor from ProtectionProfile slot=FACE
[27апр.2026 21:44:18.958] [Server thread/DEBUG] [org.inventory.inventory.server.ArmorAttributeService/]: [ArmorService] item.inventory.usa_hazmat_chestplate +3.0 armor from ProtectionProfile slot=CHEST
[27апр.2026 21:44:18.958] [Server thread/DEBUG] [org.inventory.inventory.server.ArmorAttributeService/]: [ArmorService] item.inventory.ddr_belt +2.0 armor from ProtectionProfile slot=VEST
[27апр.2026 21:44:18.958] [Server thread/DEBUG] [org.inventory.inventory.server.ArmorAttributeService/]: [ArmorService] item.inventory.usa_hazmat_leggings +2.0 armor from ProtectionProfile slot=LEGS
[27апр.2026 21:44:18.958] [Server thread/DEBUG] [org.inventory.inventory.server.ArmorAttributeService/]: [ArmorService] applied armor=9.0 toughness=0.0 player=Dev
[27апр.2026 21:44:18.958] [Server thread/DEBUG] [org.inventory.inventory.server.LoadoutSyncScheduler/]: [SyncScheduler] sent S2C_LoadoutSync player=Dev version=1058
[27апр.2026 21:44:18.958] [Server thread/DEBUG] [org.inventory.inventory.server.LoadoutSyncScheduler/]: [SyncScheduler] sent S2C_LoadoutSync player=Dev version=1058
[27апр.2026 21:44:18.964] [Render thread/DEBUG] [org.inventory.inventory.network.S2CLoadoutSyncPacket/]: [S2C_Sync] received serverVersion=1058
[27апр.2026 21:44:18.965] [Render thread/DEBUG] [org.inventory.inventory.network.S2CLoadoutSyncPacket/]: [S2C_Sync] received serverVersion=1058
[27апр.2026 21:44:18.965] [Render thread/DEBUG] [org.inventory.inventory.client.screen.InventoryScreen/]: [InventoryScreen] sync received version=1058
[27апр.2026 21:44:23.017] [Server thread/INFO] [net.minecraft.client.server.IntegratedServer/]: Saving and pausing game...
[27апр.2026 21:44:23.022] [Server thread/INFO] [net.minecraft.server.MinecraftServer/]: Saving chunks for level 'ServerLevel[Новый мир]'/minecraft:overworld
[27апр.2026 21:44:23.030] [Server thread/INFO] [net.minecraft.server.MinecraftServer/]: Saving chunks for level 'ServerLevel[Новый мир]'/minecraft:the_nether
[27апр.2026 21:44:23.031] [Server thread/INFO] [net.minecraft.server.MinecraftServer/]: Saving chunks for level 'ServerLevel[Новый мир]'/minecraft:the_end
[27апр.2026 21:44:23.032] [Server thread/DEBUG] [net.minecraftforge.common.ForgeHooks/WP]: Gathering id map for writing to world save Новый мир
[27апр.2026 21:44:23.035] [Server thread/DEBUG] [net.minecraftforge.common.ForgeHooks/WP]: ID Map collection complete Новый мир
[27апр.2026 21:44:27.062] [Render thread/DEBUG] [org.inventory.inventory.event.ClientEventHandler/]: [ClientEvents] intercepting vanilla inventory — requesting custom UI
[27апр.2026 21:44:27.062] [Server thread/DEBUG] [org.inventory.inventory.network.C2SOpenInventoryPacket/]: [C2S_OpenInv] opening custom inventory for player=Dev
[27апр.2026 21:44:27.062] [Server thread/DEBUG] [org.inventory.inventory.server.ArmorAttributeService/]: [ArmorService] item.inventory.usa_hazmat_cap +1.0 armor from ProtectionProfile slot=HEAD
[27апр.2026 21:44:27.062] [Server thread/DEBUG] [org.inventory.inventory.server.ArmorAttributeService/]: [ArmorService] item.inventory.m40_gasmask +1.0 armor from ProtectionProfile slot=FACE
[27апр.2026 21:44:27.062] [Server thread/DEBUG] [org.inventory.inventory.server.ArmorAttributeService/]: [ArmorService] item.inventory.usa_hazmat_chestplate +3.0 armor from ProtectionProfile slot=CHEST
[27апр.2026 21:44:27.062] [Server thread/DEBUG] [org.inventory.inventory.server.ArmorAttributeService/]: [ArmorService] item.inventory.ddr_belt +2.0 armor from ProtectionProfile slot=VEST
[27апр.2026 21:44:27.062] [Server thread/DEBUG] [org.inventory.inventory.server.ArmorAttributeService/]: [ArmorService] item.inventory.usa_hazmat_leggings +2.0 armor from ProtectionProfile slot=LEGS
[27апр.2026 21:44:27.062] [Server thread/DEBUG] [org.inventory.inventory.server.ArmorAttributeService/]: [ArmorService] applied armor=9.0 toughness=0.0 player=Dev
[27апр.2026 21:44:27.063] [Server thread/DEBUG] [org.inventory.inventory.server.LoadoutSyncScheduler/]: [SyncScheduler] sent S2C_LoadoutSync player=Dev version=1058
[27апр.2026 21:44:27.063] [Server thread/DEBUG] [org.inventory.inventory.server.LoadoutSyncScheduler/]: [SyncScheduler] sent S2C_LoadoutSync player=Dev version=1058
[27апр.2026 21:44:27.067] [Render thread/DEBUG] [org.inventory.inventory.network.S2CLoadoutSyncPacket/]: [S2C_Sync] received serverVersion=1058
[27апр.2026 21:44:27.067] [Render thread/DEBUG] [org.inventory.inventory.network.S2CLoadoutSyncPacket/]: [S2C_Sync] received serverVersion=1058
[27апр.2026 21:44:27.067] [Render thread/DEBUG] [org.inventory.inventory.client.screen.InventoryScreen/]: [InventoryScreen] sync received version=1058
[27апр.2026 21:44:27.810] [Render thread/DEBUG] [org.inventory.inventory.event.ClientEventHandler/]: [ClientEvents] intercepting vanilla inventory — requesting custom UI
[27апр.2026 21:44:27.811] [Server thread/DEBUG] [org.inventory.inventory.network.C2SOpenInventoryPacket/]: [C2S_OpenInv] opening custom inventory for player=Dev
[27апр.2026 21:44:27.811] [Server thread/DEBUG] [org.inventory.inventory.server.ArmorAttributeService/]: [ArmorService] item.inventory.usa_hazmat_cap +1.0 armor from ProtectionProfile slot=HEAD
[27апр.2026 21:44:27.811] [Server thread/DEBUG] [org.inventory.inventory.server.ArmorAttributeService/]: [ArmorService] item.inventory.m40_gasmask +1.0 armor from ProtectionProfile slot=FACE
[27апр.2026 21:44:27.811] [Server thread/DEBUG] [org.inventory.inventory.server.ArmorAttributeService/]: [ArmorService] item.inventory.usa_hazmat_chestplate +3.0 armor from ProtectionProfile slot=CHEST
[27апр.2026 21:44:27.811] [Server thread/DEBUG] [org.inventory.inventory.server.ArmorAttributeService/]: [ArmorService] item.inventory.ddr_belt +2.0 armor from ProtectionProfile slot=VEST
[27апр.2026 21:44:27.811] [Server thread/DEBUG] [org.inventory.inventory.server.ArmorAttributeService/]: [ArmorService] item.inventory.usa_hazmat_leggings +2.0 armor from ProtectionProfile slot=LEGS
[27апр.2026 21:44:27.811] [Server thread/DEBUG] [org.inventory.inventory.server.ArmorAttributeService/]: [ArmorService] applied armor=9.0 toughness=0.0 player=Dev
[27апр.2026 21:44:27.811] [Server thread/DEBUG] [org.inventory.inventory.server.LoadoutSyncScheduler/]: [SyncScheduler] sent S2C_LoadoutSync player=Dev version=1058
[27апр.2026 21:44:27.812] [Server thread/DEBUG] [org.inventory.inventory.server.LoadoutSyncScheduler/]: [SyncScheduler] sent S2C_LoadoutSync player=Dev version=1058
[27апр.2026 21:44:27.816] [Render thread/DEBUG] [org.inventory.inventory.network.S2CLoadoutSyncPacket/]: [S2C_Sync] received serverVersion=1058
[27апр.2026 21:44:27.817] [Render thread/DEBUG] [org.inventory.inventory.network.S2CLoadoutSyncPacket/]: [S2C_Sync] received serverVersion=1058
[27апр.2026 21:44:27.817] [Render thread/DEBUG] [org.inventory.inventory.client.screen.InventoryScreen/]: [InventoryScreen] sync received version=1058
[27апр.2026 21:47:41.031] [Server thread/DEBUG] [net.minecraftforge.common.ForgeHooks/WP]: Gathering id map for writing to world save Новый мир
[27апр.2026 21:47:41.034] [Server thread/DEBUG] [net.minecraftforge.common.ForgeHooks/WP]: ID Map collection complete Новый мир
[27апр.2026 21:48:32.560] [Server thread/INFO] [net.minecraft.server.MinecraftServer/]: Dev разбился насмерть
[27апр.2026 21:48:32.565] [Render thread/INFO] [net.minecraft.client.gui.components.ChatComponent/]: [System] [CHAT] Dev разбился насмерть
[27апр.2026 21:48:32.869] [Render thread/INFO] [net.minecraft.client.gui.components.ChatComponent/]: [System] [CHAT] Снимок экрана сохранён как 2026-04-27_21.48.32.png
[27апр.2026 21:48:32.934] [Render thread/INFO] [net.minecraft.client.gui.components.ChatComponent/]: [System] [CHAT] Снимок экрана сохранён как 2026-04-27_21.48.32_2.png
[27апр.2026 21:48:36.463] [Server thread/INFO] [net.minecraft.client.server.IntegratedServer/]: Saving and pausing game...
[27апр.2026 21:48:36.469] [Server thread/INFO] [net.minecraft.server.MinecraftServer/]: Saving chunks for level 'ServerLevel[Новый мир]'/minecraft:overworld
[27апр.2026 21:48:36.472] [Server thread/INFO] [net.minecraft.server.MinecraftServer/]: Saving chunks for level 'ServerLevel[Новый мир]'/minecraft:the_nether
[27апр.2026 21:48:36.473] [Server thread/INFO] [net.minecraft.server.MinecraftServer/]: Saving chunks for level 'ServerLevel[Новый мир]'/minecraft:the_end
[27апр.2026 21:48:36.474] [Server thread/DEBUG] [net.minecraftforge.common.ForgeHooks/WP]: Gathering id map for writing to world save Новый мир
[27апр.2026 21:48:36.476] [Server thread/DEBUG] [net.minecraftforge.common.ForgeHooks/WP]: ID Map collection complete Новый мир
[27апр.2026 21:48:37.708] [Server thread/INFO] [net.minecraft.server.MinecraftServer/]: [Dev: Ваш режим игры изменён на Режим наблюдателя]
[27апр.2026 21:48:37.708] [Render thread/INFO] [net.minecraft.client.gui.components.ChatComponent/]: [System] [CHAT] Ваш режим игры изменён на Режим наблюдателя
[27апр.2026 21:48:44.347] [Server thread/INFO] [net.minecraft.server.MinecraftServer/]: [Dev: Ваш режим игры изменён на Режим приключений]
[27апр.2026 21:48:44.353] [Render thread/INFO] [net.minecraft.client.gui.components.ChatComponent/]: [System] [CHAT] Ваш режим игры изменён на Режим приключений
[27апр.2026 21:48:46.599] [Render thread/DEBUG] [org.inventory.inventory.event.ClientEventHandler/]: [ClientEvents] intercepting vanilla inventory — requesting custom UI
[27апр.2026 21:48:46.600] [Server thread/DEBUG] [org.inventory.inventory.network.C2SOpenInventoryPacket/]: [C2S_OpenInv] opening custom inventory for player=Dev
[27апр.2026 21:48:46.600] [Server thread/DEBUG] [org.inventory.inventory.server.ArmorAttributeService/]: [ArmorService] applied armor=0.0 toughness=0.0 player=Dev
[27апр.2026 21:48:46.600] [Server thread/DEBUG] [org.inventory.inventory.server.LoadoutSyncScheduler/]: [SyncScheduler] sent S2C_LoadoutSync player=Dev version=0
[27апр.2026 21:48:46.600] [Server thread/DEBUG] [org.inventory.inventory.server.LoadoutSyncScheduler/]: [SyncScheduler] sent S2C_LoadoutSync player=Dev version=0
[27апр.2026 21:48:46.607] [Render thread/DEBUG] [org.inventory.inventory.network.S2CLoadoutSyncPacket/]: [S2C_Sync] received serverVersion=0
[27апр.2026 21:48:46.607] [Render thread/DEBUG] [org.inventory.inventory.network.S2CLoadoutSyncPacket/]: [S2C_Sync] received serverVersion=0
[27апр.2026 21:48:46.607] [Render thread/DEBUG] [org.inventory.inventory.client.screen.InventoryScreen/]: [InventoryScreen] sync received version=0
[27апр.2026 21:48:47.036] [Server thread/DEBUG] [org.inventory.inventory.server.InventoryTransactionService/]: [InventoryTx] beginLoadoutOp: opId=d291779a-0b6f-44be-9130-5a5a47210092 player=Dev
[27апр.2026 21:48:47.037] [Server thread/DEBUG] [org.inventory.inventory.menu.CustomInventoryMenu/]: [Menu] equipment changed for player=Dev, recalculating storage
[27апр.2026 21:48:47.037] [Server thread/DEBUG] [org.inventory.inventory.server.InventoryTransactionService/]: [InventoryTx] commit opId=d291779a-0b6f-44be-9130-5a5a47210092 newVersion=1
[27апр.2026 21:48:47.037] [Server thread/DEBUG] [org.inventory.inventory.server.ArmorAttributeService/]: [ArmorService] item.inventory.usa_hazmat_cap +1.0 armor from ProtectionProfile slot=HEAD
[27апр.2026 21:48:47.037] [Server thread/DEBUG] [org.inventory.inventory.server.ArmorAttributeService/]: [ArmorService] applied armor=1.0 toughness=0.0 player=Dev
[27апр.2026 21:48:47.037] [Server thread/DEBUG] [org.inventory.inventory.server.LoadoutSyncScheduler/]: [SyncScheduler] sent S2C_LoadoutSync player=Dev version=1
[27апр.2026 21:48:47.043] [Render thread/DEBUG] [org.inventory.inventory.network.S2CLoadoutSyncPacket/]: [S2C_Sync] received serverVersion=1
[27апр.2026 21:48:47.043] [Render thread/DEBUG] [org.inventory.inventory.client.screen.InventoryScreen/]: [InventoryScreen] sync received version=1
[27апр.2026 21:48:47.225] [Server thread/DEBUG] [org.inventory.inventory.server.InventoryTransactionService/]: [InventoryTx] beginLoadoutOp: opId=b2842b6f-d889-4e02-8ac9-deeb322fea0b player=Dev
[27апр.2026 21:48:47.225] [Server thread/DEBUG] [org.inventory.inventory.menu.CustomInventoryMenu/]: [Menu] equipment changed for player=Dev, recalculating storage
[27апр.2026 21:48:47.225] [Server thread/DEBUG] [org.inventory.inventory.server.InventoryTransactionService/]: [InventoryTx] commit opId=b2842b6f-d889-4e02-8ac9-deeb322fea0b newVersion=2
[27апр.2026 21:48:47.225] [Server thread/DEBUG] [org.inventory.inventory.server.ArmorAttributeService/]: [ArmorService] item.inventory.usa_hazmat_cap +1.0 armor from ProtectionProfile slot=HEAD
[27апр.2026 21:48:47.225] [Server thread/DEBUG] [org.inventory.inventory.server.ArmorAttributeService/]: [ArmorService] item.inventory.usa_hazmat_chestplate +3.0 armor from ProtectionProfile slot=CHEST
[27апр.2026 21:48:47.225] [Server thread/DEBUG] [org.inventory.inventory.server.ArmorAttributeService/]: [ArmorService] applied armor=4.0 toughness=0.0 player=Dev
[27апр.2026 21:48:47.225] [Server thread/DEBUG] [org.inventory.inventory.server.LoadoutSyncScheduler/]: [SyncScheduler] sent S2C_LoadoutSync player=Dev version=2
[27апр.2026 21:48:47.230] [Render thread/DEBUG] [org.inventory.inventory.network.S2CLoadoutSyncPacket/]: [S2C_Sync] received serverVersion=2
[27апр.2026 21:48:47.230] [Render thread/DEBUG] [org.inventory.inventory.client.screen.InventoryScreen/]: [InventoryScreen] sync received version=2
[27апр.2026 21:48:47.423] [Server thread/DEBUG] [org.inventory.inventory.server.InventoryTransactionService/]: [InventoryTx] beginLoadoutOp: opId=f591e4e5-8bf7-48ec-b018-5a714a5e8b52 player=Dev
[27апр.2026 21:48:47.423] [Server thread/DEBUG] [org.inventory.inventory.menu.CustomInventoryMenu/]: [Menu] equipment changed for player=Dev, recalculating storage
[27апр.2026 21:48:47.423] [Server thread/DEBUG] [org.inventory.inventory.server.InventoryTransactionService/]: [InventoryTx] commit opId=f591e4e5-8bf7-48ec-b018-5a714a5e8b52 newVersion=3
[27апр.2026 21:48:47.423] [Server thread/DEBUG] [org.inventory.inventory.server.ArmorAttributeService/]: [ArmorService] item.inventory.usa_hazmat_cap +1.0 armor from ProtectionProfile slot=HEAD
[27апр.2026 21:48:47.423] [Server thread/DEBUG] [org.inventory.inventory.server.ArmorAttributeService/]: [ArmorService] item.inventory.usa_hazmat_chestplate +3.0 armor from ProtectionProfile slot=CHEST
[27апр.2026 21:48:47.423] [Server thread/DEBUG] [org.inventory.inventory.server.ArmorAttributeService/]: [ArmorService] applied armor=4.0 toughness=0.0 player=Dev
[27апр.2026 21:48:47.423] [Server thread/DEBUG] [org.inventory.inventory.server.LoadoutSyncScheduler/]: [SyncScheduler] sent S2C_LoadoutSync player=Dev version=3
[27апр.2026 21:48:47.428] [Render thread/DEBUG] [org.inventory.inventory.network.S2CLoadoutSyncPacket/]: [S2C_Sync] received serverVersion=3
[27апр.2026 21:48:47.428] [Render thread/DEBUG] [org.inventory.inventory.client.screen.InventoryScreen/]: [InventoryScreen] sync received version=3
[27апр.2026 21:48:47.617] [Server thread/DEBUG] [org.inventory.inventory.server.InventoryTransactionService/]: [InventoryTx] beginLoadoutOp: opId=72962b83-5146-487b-81f6-c74609cc173f player=Dev
[27апр.2026 21:48:47.617] [Server thread/DEBUG] [org.inventory.inventory.menu.CustomInventoryMenu/]: [Menu] equipment changed for player=Dev, recalculating storage
[27апр.2026 21:48:47.617] [Server thread/DEBUG] [org.inventory.inventory.server.InventoryTransactionService/]: [InventoryTx] commit opId=72962b83-5146-487b-81f6-c74609cc173f newVersion=4
[27апр.2026 21:48:47.618] [Server thread/DEBUG] [org.inventory.inventory.server.ArmorAttributeService/]: [ArmorService] item.inventory.usa_hazmat_cap +1.0 armor from ProtectionProfile slot=HEAD
[27апр.2026 21:48:47.618] [Server thread/DEBUG] [org.inventory.inventory.server.ArmorAttributeService/]: [ArmorService] item.inventory.usa_hazmat_chestplate +3.0 armor from ProtectionProfile slot=CHEST
[27апр.2026 21:48:47.618] [Server thread/DEBUG] [org.inventory.inventory.server.ArmorAttributeService/]: [ArmorService] applied armor=4.0 toughness=0.0 player=Dev
[27апр.2026 21:48:47.618] [Server thread/DEBUG] [org.inventory.inventory.server.LoadoutSyncScheduler/]: [SyncScheduler] sent S2C_LoadoutSync player=Dev version=4
[27апр.2026 21:48:47.620] [Render thread/DEBUG] [org.inventory.inventory.network.S2CLoadoutSyncPacket/]: [S2C_Sync] received serverVersion=4
[27апр.2026 21:48:47.620] [Render thread/DEBUG] [org.inventory.inventory.client.screen.InventoryScreen/]: [InventoryScreen] sync received version=4
[27апр.2026 21:48:47.844] [Server thread/DEBUG] [org.inventory.inventory.server.InventoryTransactionService/]: [InventoryTx] beginLoadoutOp: opId=17d41ff7-82b1-4270-98cd-c91f088c3d55 player=Dev
[27апр.2026 21:48:47.844] [Server thread/DEBUG] [org.inventory.inventory.server.InventoryTransactionService/]: [InventoryTx] rollback opId=17d41ff7-82b1-4270-98cd-c91f088c3d55
[27апр.2026 21:48:48.099] [Server thread/DEBUG] [org.inventory.inventory.server.InventoryTransactionService/]: [InventoryTx] beginLoadoutOp: opId=32362863-b86e-4b9e-ac49-60b8b05a3aaa player=Dev
[27апр.2026 21:48:48.100] [Server thread/DEBUG] [org.inventory.inventory.menu.CustomInventoryMenu/]: [Menu] equipment changed for player=Dev, recalculating storage
[27апр.2026 21:48:48.100] [Server thread/DEBUG] [org.inventory.inventory.server.InventoryTransactionService/]: [InventoryTx] commit opId=32362863-b86e-4b9e-ac49-60b8b05a3aaa newVersion=5
[27апр.2026 21:48:48.100] [Server thread/DEBUG] [org.inventory.inventory.server.ArmorAttributeService/]: [ArmorService] item.inventory.usa_hazmat_cap +1.0 armor from ProtectionProfile slot=HEAD
[27апр.2026 21:48:48.100] [Server thread/DEBUG] [org.inventory.inventory.server.ArmorAttributeService/]: [ArmorService] item.inventory.usa_hazmat_chestplate +3.0 armor from ProtectionProfile slot=CHEST
[27апр.2026 21:48:48.100] [Server thread/DEBUG] [org.inventory.inventory.server.ArmorAttributeService/]: [ArmorService] item.inventory.usa_hazmat_leggings +2.0 armor from ProtectionProfile slot=LEGS
[27апр.2026 21:48:48.100] [Server thread/DEBUG] [org.inventory.inventory.server.ArmorAttributeService/]: [ArmorService] applied armor=6.0 toughness=0.0 player=Dev
[27апр.2026 21:48:48.100] [Server thread/DEBUG] [org.inventory.inventory.server.LoadoutSyncScheduler/]: [SyncScheduler] sent S2C_LoadoutSync player=Dev version=5
[27апр.2026 21:48:48.107] [Render thread/DEBUG] [org.inventory.inventory.network.S2CLoadoutSyncPacket/]: [S2C_Sync] received serverVersion=5
[27апр.2026 21:48:48.107] [Render thread/DEBUG] [org.inventory.inventory.client.screen.InventoryScreen/]: [InventoryScreen] sync received version=5
[27апр.2026 21:48:52.676] [Render thread/INFO] [net.minecraft.client.gui.components.ChatComponent/]: [System] [CHAT] [Отладка]: Хитбоксы: вкл.
[27апр.2026 21:48:54.749] [Render thread/DEBUG] [org.inventory.inventory.event.ClientEventHandler/]: [ClientEvents] intercepting vanilla inventory — requesting custom UI
[27апр.2026 21:48:54.749] [Server thread/DEBUG] [org.inventory.inventory.network.C2SOpenInventoryPacket/]: [C2S_OpenInv] opening custom inventory for player=Dev
[27апр.2026 21:48:54.750] [Server thread/DEBUG] [org.inventory.inventory.server.ArmorAttributeService/]: [ArmorService] item.inventory.usa_hazmat_cap +1.0 armor from ProtectionProfile slot=HEAD
[27апр.2026 21:48:54.750] [Server thread/DEBUG] [org.inventory.inventory.server.ArmorAttributeService/]: [ArmorService] item.inventory.usa_hazmat_chestplate +3.0 armor from ProtectionProfile slot=CHEST
[27апр.2026 21:48:54.750] [Server thread/DEBUG] [org.inventory.inventory.server.ArmorAttributeService/]: [ArmorService] item.inventory.usa_hazmat_leggings +2.0 armor from ProtectionProfile slot=LEGS
[27апр.2026 21:48:54.750] [Server thread/DEBUG] [org.inventory.inventory.server.ArmorAttributeService/]: [ArmorService] applied armor=6.0 toughness=0.0 player=Dev
[27апр.2026 21:48:54.750] [Server thread/DEBUG] [org.inventory.inventory.server.LoadoutSyncScheduler/]: [SyncScheduler] sent S2C_LoadoutSync player=Dev version=5
[27апр.2026 21:48:54.750] [Server thread/DEBUG] [org.inventory.inventory.server.LoadoutSyncScheduler/]: [SyncScheduler] sent S2C_LoadoutSync player=Dev version=5
[27апр.2026 21:48:54.754] [Render thread/DEBUG] [org.inventory.inventory.network.S2CLoadoutSyncPacket/]: [S2C_Sync] received serverVersion=5
[27апр.2026 21:48:54.755] [Render thread/DEBUG] [org.inventory.inventory.network.S2CLoadoutSyncPacket/]: [S2C_Sync] received serverVersion=5
[27апр.2026 21:48:54.755] [Render thread/DEBUG] [org.inventory.inventory.client.screen.InventoryScreen/]: [InventoryScreen] sync received version=5
[27апр.2026 21:48:55.117] [Server thread/DEBUG] [org.inventory.inventory.server.InventoryTransactionService/]: [InventoryTx] beginLoadoutOp: opId=44c6236e-41f6-4017-bd9f-a925864ab959 player=Dev
[27апр.2026 21:48:55.117] [Server thread/DEBUG] [org.inventory.inventory.menu.CustomInventoryMenu/]: [Menu] equipment changed for player=Dev, recalculating storage
[27апр.2026 21:48:55.117] [Server thread/DEBUG] [org.inventory.inventory.server.InventoryTransactionService/]: [InventoryTx] commit opId=44c6236e-41f6-4017-bd9f-a925864ab959 newVersion=6
[27апр.2026 21:48:55.117] [Server thread/DEBUG] [org.inventory.inventory.server.ArmorAttributeService/]: [ArmorService] item.inventory.usa_hazmat_cap +1.0 armor from ProtectionProfile slot=HEAD
[27апр.2026 21:48:55.117] [Server thread/DEBUG] [org.inventory.inventory.server.ArmorAttributeService/]: [ArmorService] item.inventory.usa_hazmat_chestplate +3.0 armor from ProtectionProfile slot=CHEST
[27апр.2026 21:48:55.117] [Server thread/DEBUG] [org.inventory.inventory.server.ArmorAttributeService/]: [ArmorService] item.inventory.usa_hazmat_leggings +2.0 armor from ProtectionProfile slot=LEGS
[27апр.2026 21:48:55.117] [Server thread/DEBUG] [org.inventory.inventory.server.ArmorAttributeService/]: [ArmorService] applied armor=6.0 toughness=0.0 player=Dev
[27апр.2026 21:48:55.117] [Server thread/DEBUG] [org.inventory.inventory.server.LoadoutSyncScheduler/]: [SyncScheduler] sent S2C_LoadoutSync player=Dev version=6
[27апр.2026 21:48:55.121] [Render thread/DEBUG] [org.inventory.inventory.network.S2CLoadoutSyncPacket/]: [S2C_Sync] received serverVersion=6
[27апр.2026 21:48:55.121] [Render thread/DEBUG] [org.inventory.inventory.client.screen.InventoryScreen/]: [InventoryScreen] sync received version=6
[27апр.2026 21:48:55.317] [Server thread/DEBUG] [org.inventory.inventory.server.InventoryTransactionService/]: [InventoryTx] beginLoadoutOp: opId=283284cf-e7ee-4c93-a269-2427161c5521 player=Dev
[27апр.2026 21:48:55.317] [Server thread/DEBUG] [org.inventory.inventory.menu.CustomInventoryMenu/]: [Menu] equipment changed for player=Dev, recalculating storage
[27апр.2026 21:48:55.318] [Server thread/DEBUG] [org.inventory.inventory.server.InventoryTransactionService/]: [InventoryTx] commit opId=283284cf-e7ee-4c93-a269-2427161c5521 newVersion=7
[27апр.2026 21:48:55.318] [Server thread/DEBUG] [org.inventory.inventory.server.ArmorAttributeService/]: [ArmorService] item.inventory.usa_hazmat_cap +1.0 armor from ProtectionProfile slot=HEAD
[27апр.2026 21:48:55.318] [Server thread/DEBUG] [org.inventory.inventory.server.ArmorAttributeService/]: [ArmorService] item.inventory.usa_hazmat_chestplate +3.0 armor from ProtectionProfile slot=CHEST
[27апр.2026 21:48:55.318] [Server thread/DEBUG] [org.inventory.inventory.server.ArmorAttributeService/]: [ArmorService] item.inventory.ddr_belt +2.0 armor from ProtectionProfile slot=VEST
[27апр.2026 21:48:55.318] [Server thread/DEBUG] [org.inventory.inventory.server.ArmorAttributeService/]: [ArmorService] item.inventory.usa_hazmat_leggings +2.0 armor from ProtectionProfile slot=LEGS
[27апр.2026 21:48:55.318] [Server thread/DEBUG] [org.inventory.inventory.server.ArmorAttributeService/]: [ArmorService] applied armor=8.0 toughness=0.0 player=Dev
[27апр.2026 21:48:55.318] [Server thread/DEBUG] [org.inventory.inventory.server.LoadoutSyncScheduler/]: [SyncScheduler] sent S2C_LoadoutSync player=Dev version=7
[27апр.2026 21:48:55.320] [Render thread/DEBUG] [org.inventory.inventory.network.S2CLoadoutSyncPacket/]: [S2C_Sync] received serverVersion=7
[27апр.2026 21:48:55.320] [Render thread/DEBUG] [org.inventory.inventory.client.screen.InventoryScreen/]: [InventoryScreen] sync received version=7
[27апр.2026 21:48:55.567] [Server thread/DEBUG] [org.inventory.inventory.server.InventoryTransactionService/]: [InventoryTx] beginLoadoutOp: opId=e9671ce1-4b49-46d0-a0df-e2568b272c2c player=Dev
[27апр.2026 21:48:55.567] [Server thread/DEBUG] [org.inventory.inventory.menu.CustomInventoryMenu/]: [Menu] equipment changed for player=Dev, recalculating storage
[27апр.2026 21:48:55.567] [Server thread/DEBUG] [org.inventory.inventory.server.InventoryTransactionService/]: [InventoryTx] commit opId=e9671ce1-4b49-46d0-a0df-e2568b272c2c newVersion=8
[27апр.2026 21:48:55.567] [Server thread/DEBUG] [org.inventory.inventory.server.ArmorAttributeService/]: [ArmorService] item.inventory.usa_hazmat_cap +1.0 armor from ProtectionProfile slot=HEAD
[27апр.2026 21:48:55.567] [Server thread/DEBUG] [org.inventory.inventory.server.ArmorAttributeService/]: [ArmorService] item.inventory.m40_gasmask +1.0 armor from ProtectionProfile slot=FACE
[27апр.2026 21:48:55.567] [Server thread/DEBUG] [org.inventory.inventory.server.ArmorAttributeService/]: [ArmorService] item.inventory.usa_hazmat_chestplate +3.0 armor from ProtectionProfile slot=CHEST
[27апр.2026 21:48:55.567] [Server thread/DEBUG] [org.inventory.inventory.server.ArmorAttributeService/]: [ArmorService] item.inventory.ddr_belt +2.0 armor from ProtectionProfile slot=VEST
[27апр.2026 21:48:55.567] [Server thread/DEBUG] [org.inventory.inventory.server.ArmorAttributeService/]: [ArmorService] item.inventory.usa_hazmat_leggings +2.0 armor from ProtectionProfile slot=LEGS
[27апр.2026 21:48:55.567] [Server thread/DEBUG] [org.inventory.inventory.server.ArmorAttributeService/]: [ArmorService] applied armor=9.0 toughness=0.0 player=Dev
[27апр.2026 21:48:55.567] [Server thread/DEBUG] [org.inventory.inventory.server.LoadoutSyncScheduler/]: [SyncScheduler] sent S2C_LoadoutSync player=Dev version=8
[27апр.2026 21:48:55.568] [Render thread/DEBUG] [org.inventory.inventory.network.S2CLoadoutSyncPacket/]: [S2C_Sync] received serverVersion=8
[27апр.2026 21:48:55.568] [Render thread/DEBUG] [org.inventory.inventory.client.screen.InventoryScreen/]: [InventoryScreen] sync received version=8
[27апр.2026 21:48:58.356] [Server thread/INFO] [net.minecraft.server.MinecraftServer/]: [Dev: Ваш режим игры изменён на Режим наблюдателя]
[27апр.2026 21:48:58.357] [Render thread/INFO] [net.minecraft.client.gui.components.ChatComponent/]: [System] [CHAT] Ваш режим игры изменён на Режим наблюдателя
[27апр.2026 21:49:01.566] [Server thread/INFO] [net.minecraft.server.MinecraftServer/]: [Dev: Ваш режим игры изменён на Режим приключений]
[27апр.2026 21:49:01.567] [Render thread/INFO] [net.minecraft.client.gui.components.ChatComponent/]: [System] [CHAT] Ваш режим игры изменён на Режим приключений
[27апр.2026 21:49:05.599] [Render thread/DEBUG] [org.inventory.inventory.event.ClientEventHandler/]: [ClientEvents] intercepting vanilla inventory — requesting custom UI
[27апр.2026 21:49:05.599] [Server thread/DEBUG] [org.inventory.inventory.network.C2SOpenInventoryPacket/]: [C2S_OpenInv] opening custom inventory for player=Dev
[27апр.2026 21:49:05.599] [Server thread/DEBUG] [org.inventory.inventory.server.ArmorAttributeService/]: [ArmorService] item.inventory.usa_hazmat_cap +1.0 armor from ProtectionProfile slot=HEAD
[27апр.2026 21:49:05.599] [Server thread/DEBUG] [org.inventory.inventory.server.ArmorAttributeService/]: [ArmorService] item.inventory.m40_gasmask +1.0 armor from ProtectionProfile slot=FACE
[27апр.2026 21:49:05.599] [Server thread/DEBUG] [org.inventory.inventory.server.ArmorAttributeService/]: [ArmorService] item.inventory.usa_hazmat_chestplate +3.0 armor from ProtectionProfile slot=CHEST
[27апр.2026 21:49:05.599] [Server thread/DEBUG] [org.inventory.inventory.server.ArmorAttributeService/]: [ArmorService] item.inventory.ddr_belt +2.0 armor from ProtectionProfile slot=VEST
[27апр.2026 21:49:05.599] [Server thread/DEBUG] [org.inventory.inventory.server.ArmorAttributeService/]: [ArmorService] item.inventory.usa_hazmat_leggings +2.0 armor from ProtectionProfile slot=LEGS
[27апр.2026 21:49:05.599] [Server thread/DEBUG] [org.inventory.inventory.server.ArmorAttributeService/]: [ArmorService] applied armor=9.0 toughness=0.0 player=Dev
[27апр.2026 21:49:05.599] [Server thread/DEBUG] [org.inventory.inventory.server.LoadoutSyncScheduler/]: [SyncScheduler] sent S2C_LoadoutSync player=Dev version=8
[27апр.2026 21:49:05.599] [Server thread/DEBUG] [org.inventory.inventory.server.LoadoutSyncScheduler/]: [SyncScheduler] sent S2C_LoadoutSync player=Dev version=8
[27апр.2026 21:49:05.603] [Render thread/DEBUG] [org.inventory.inventory.network.S2CLoadoutSyncPacket/]: [S2C_Sync] received serverVersion=8
[27апр.2026 21:49:05.604] [Render thread/DEBUG] [org.inventory.inventory.network.S2CLoadoutSyncPacket/]: [S2C_Sync] received serverVersion=8
[27апр.2026 21:49:05.604] [Render thread/DEBUG] [org.inventory.inventory.client.screen.InventoryScreen/]: [InventoryScreen] sync received version=8
[27апр.2026 21:49:17.789] [Render thread/INFO] [net.minecraft.client.gui.components.ChatComponent/]: [System] [CHAT] [Отладка]: Хитбоксы: выкл.
[27апр.2026 21:49:45.812] [Server thread/INFO] [net.minecraft.client.server.IntegratedServer/]: Saving and pausing game...
[27апр.2026 21:49:45.816] [Server thread/INFO] [net.minecraft.server.MinecraftServer/]: Saving chunks for level 'ServerLevel[Новый мир]'/minecraft:overworld
[27апр.2026 21:49:45.820] [Server thread/INFO] [net.minecraft.server.MinecraftServer/]: Saving chunks for level 'ServerLevel[Новый мир]'/minecraft:the_nether
[27апр.2026 21:49:45.822] [Server thread/INFO] [net.minecraft.server.MinecraftServer/]: Saving chunks for level 'ServerLevel[Новый мир]'/minecraft:the_end
[27апр.2026 21:49:45.822] [Server thread/DEBUG] [net.minecraftforge.common.ForgeHooks/WP]: Gathering id map for writing to world save Новый мир
[27апр.2026 21:49:45.825] [Server thread/DEBUG] [net.minecraftforge.common.ForgeHooks/WP]: ID Map collection complete Новый мир
[27апр.2026 21:49:46.267] [Server thread/INFO] [net.minecraft.server.network.ServerGamePacketListenerImpl/]: Dev lost connection: Отключение
[27апр.2026 21:49:46.267] [Server thread/INFO] [net.minecraft.server.MinecraftServer/]: Dev покинул игру
[27апр.2026 21:49:46.272] [Server thread/INFO] [net.minecraft.server.network.ServerGamePacketListenerImpl/]: Stopping singleplayer server as player logged out
[27апр.2026 21:49:46.313] [Server thread/INFO] [net.minecraft.server.MinecraftServer/]: Stopping server
[27апр.2026 21:49:46.313] [Server thread/INFO] [net.minecraft.server.MinecraftServer/]: Saving players
[27апр.2026 21:49:46.313] [Server thread/INFO] [net.minecraft.server.MinecraftServer/]: Saving worlds
[27апр.2026 21:49:46.373] [Server thread/INFO] [net.minecraft.server.MinecraftServer/]: Saving chunks for level 'ServerLevel[Новый мир]'/minecraft:overworld
[27апр.2026 21:49:46.437] [Server thread/INFO] [net.minecraft.server.MinecraftServer/]: Saving chunks for level 'ServerLevel[Новый мир]'/minecraft:the_nether
[27апр.2026 21:49:46.438] [Server thread/INFO] [net.minecraft.server.MinecraftServer/]: Saving chunks for level 'ServerLevel[Новый мир]'/minecraft:the_end
[27апр.2026 21:49:46.439] [Server thread/DEBUG] [net.minecraftforge.common.ForgeHooks/WP]: Gathering id map for writing to world save Новый мир
[27апр.2026 21:49:46.443] [Server thread/DEBUG] [net.minecraftforge.common.ForgeHooks/WP]: ID Map collection complete Новый мир
[27апр.2026 21:49:46.449] [Server thread/INFO] [net.minecraft.server.MinecraftServer/]: ThreadedAnvilChunkStorage (Новый мир (2)): All chunks are saved
[27апр.2026 21:49:46.449] [Server thread/INFO] [net.minecraft.server.MinecraftServer/]: ThreadedAnvilChunkStorage (DIM-1): All chunks are saved
[27апр.2026 21:49:46.449] [Server thread/INFO] [net.minecraft.server.MinecraftServer/]: ThreadedAnvilChunkStorage (DIM1): All chunks are saved
[27апр.2026 21:49:46.449] [Server thread/INFO] [net.minecraft.server.MinecraftServer/]: ThreadedAnvilChunkStorage: All dimensions are saved
[27апр.2026 21:49:46.455] [Server thread/DEBUG] [net.minecraftforge.registries.GameData/REGISTRIES]: Reverting to FROZEN data state.
[27апр.2026 21:49:46.455] [Server thread/DEBUG] [net.minecraftforge.registries.ForgeRegistry/REGISTRIES]: Registry minecraft:block Sync: ACTIVE -> FROZEN
[27апр.2026 21:49:46.457] [Server thread/DEBUG] [net.minecraftforge.registries.ForgeRegistry/REGISTRIES]: Registry minecraft:fluid Sync: ACTIVE -> FROZEN
[27апр.2026 21:49:46.457] [Server thread/DEBUG] [net.minecraftforge.registries.ForgeRegistry/REGISTRIES]: Registry minecraft:item Sync: ACTIVE -> FROZEN
[27апр.2026 21:49:46.460] [Server thread/DEBUG] [net.minecraftforge.registries.ForgeRegistry/REGISTRIES]: Registry minecraft:mob_effect Sync: ACTIVE -> FROZEN
[27апр.2026 21:49:46.461] [Server thread/DEBUG] [net.minecraftforge.registries.ForgeRegistry/REGISTRIES]: Registry minecraft:sound_event Sync: ACTIVE -> FROZEN
[27апр.2026 21:49:46.462] [Server thread/DEBUG] [net.minecraftforge.registries.ForgeRegistry/REGISTRIES]: Registry minecraft:potion Sync: ACTIVE -> FROZEN
[27апр.2026 21:49:46.462] [Server thread/DEBUG] [net.minecraftforge.registries.ForgeRegistry/REGISTRIES]: Registry minecraft:enchantment Sync: ACTIVE -> FROZEN
[27апр.2026 21:49:46.462] [Server thread/DEBUG] [net.minecraftforge.registries.ForgeRegistry/REGISTRIES]: Registry minecraft:entity_type Sync: ACTIVE -> FROZEN
[27апр.2026 21:49:46.462] [Server thread/DEBUG] [net.minecraftforge.registries.ForgeRegistry/REGISTRIES]: Registry minecraft:block_entity_type Sync: ACTIVE -> FROZEN
[27апр.2026 21:49:46.462] [Server thread/DEBUG] [net.minecraftforge.registries.ForgeRegistry/REGISTRIES]: Registry minecraft:particle_type Sync: ACTIVE -> FROZEN
[27апр.2026 21:49:46.462] [Server thread/DEBUG] [net.minecraftforge.registries.ForgeRegistry/REGISTRIES]: Registry minecraft:menu Sync: ACTIVE -> FROZEN
[27апр.2026 21:49:46.462] [Server thread/DEBUG] [net.minecraftforge.registries.ForgeRegistry/REGISTRIES]: Registry minecraft:painting_variant Sync: ACTIVE -> FROZEN
[27апр.2026 21:49:46.462] [Server thread/DEBUG] [net.minecraftforge.registries.ForgeRegistry/REGISTRIES]: Registry minecraft:recipe_type Sync: ACTIVE -> FROZEN
[27апр.2026 21:49:46.462] [Server thread/DEBUG] [net.minecraftforge.registries.ForgeRegistry/REGISTRIES]: Registry minecraft:recipe_serializer Sync: ACTIVE -> FROZEN
[27апр.2026 21:49:46.462] [Server thread/DEBUG] [net.minecraftforge.registries.ForgeRegistry/REGISTRIES]: Registry minecraft:attribute Sync: ACTIVE -> FROZEN
[27апр.2026 21:49:46.464] [Server thread/DEBUG] [net.minecraftforge.registries.ForgeRegistry/REGISTRIES]: Registry minecraft:stat_type Sync: ACTIVE -> FROZEN
[27апр.2026 21:49:46.464] [Server thread/DEBUG] [net.minecraftforge.registries.ForgeRegistry/REGISTRIES]: Registry minecraft:command_argument_type Sync: ACTIVE -> FROZEN
[27апр.2026 21:49:46.464] [Server thread/DEBUG] [net.minecraftforge.registries.ForgeRegistry/REGISTRIES]: Registry minecraft:villager_profession Sync: ACTIVE -> FROZEN
[27апр.2026 21:49:46.464] [Server thread/DEBUG] [net.minecraftforge.registries.ForgeRegistry/REGISTRIES]: Registry minecraft:point_of_interest_type Sync: ACTIVE -> FROZEN
[27апр.2026 21:49:46.464] [Server thread/DEBUG] [net.minecraftforge.registries.ForgeRegistry/REGISTRIES]: Registry minecraft:memory_module_type Sync: ACTIVE -> FROZEN
[27апр.2026 21:49:46.464] [Server thread/DEBUG] [net.minecraftforge.registries.ForgeRegistry/REGISTRIES]: Registry minecraft:sensor_type Sync: ACTIVE -> FROZEN
[27апр.2026 21:49:46.464] [Server thread/DEBUG] [net.minecraftforge.registries.ForgeRegistry/REGISTRIES]: Registry minecraft:schedule Sync: ACTIVE -> FROZEN
[27апр.2026 21:49:46.464] [Server thread/DEBUG] [net.minecraftforge.registries.ForgeRegistry/REGISTRIES]: Registry minecraft:activity Sync: ACTIVE -> FROZEN
[27апр.2026 21:49:46.465] [Server thread/DEBUG] [net.minecraftforge.registries.ForgeRegistry/REGISTRIES]: Registry minecraft:worldgen/carver Sync: ACTIVE -> FROZEN
[27апр.2026 21:49:46.465] [Server thread/DEBUG] [net.minecraftforge.registries.ForgeRegistry/REGISTRIES]: Registry minecraft:worldgen/feature Sync: ACTIVE -> FROZEN
[27апр.2026 21:49:46.465] [Server thread/DEBUG] [net.minecraftforge.registries.ForgeRegistry/REGISTRIES]: Registry minecraft:chunk_status Sync: ACTIVE -> FROZEN
[27апр.2026 21:49:46.465] [Server thread/DEBUG] [net.minecraftforge.registries.ForgeRegistry/REGISTRIES]: Registry minecraft:worldgen/block_state_provider_type Sync: ACTIVE -> FROZEN
[27апр.2026 21:49:46.465] [Server thread/DEBUG] [net.minecraftforge.registries.ForgeRegistry/REGISTRIES]: Registry minecraft:worldgen/foliage_placer_type Sync: ACTIVE -> FROZEN
[27апр.2026 21:49:46.465] [Server thread/DEBUG] [net.minecraftforge.registries.ForgeRegistry/REGISTRIES]: Registry minecraft:worldgen/tree_decorator_type Sync: ACTIVE -> FROZEN
[27апр.2026 21:49:46.465] [Server thread/DEBUG] [net.minecraftforge.registries.ForgeRegistry/REGISTRIES]: Registry minecraft:worldgen/biome Sync: ACTIVE -> FROZEN
[27апр.2026 21:49:46.465] [Server thread/DEBUG] [net.minecraftforge.registries.ForgeRegistry/REGISTRIES]: Registry forge:entity_data_serializers Sync: ACTIVE -> FROZEN
[27апр.2026 21:49:46.465] [Server thread/DEBUG] [net.minecraftforge.registries.ForgeRegistry/REGISTRIES]: Registry forge:global_loot_modifier_serializers Sync: ACTIVE -> FROZEN
[27апр.2026 21:49:46.465] [Server thread/DEBUG] [net.minecraftforge.registries.ForgeRegistry/REGISTRIES]: Registry forge:biome_modifier_serializers Sync: ACTIVE -> FROZEN
[27апр.2026 21:49:46.465] [Server thread/DEBUG] [net.minecraftforge.registries.ForgeRegistry/REGISTRIES]: Registry forge:fluid_type Sync: ACTIVE -> FROZEN
[27апр.2026 21:49:46.465] [Server thread/DEBUG] [net.minecraftforge.registries.ForgeRegistry/REGISTRIES]: Registry forge:structure_modifier_serializers Sync: ACTIVE -> FROZEN
[27апр.2026 21:49:46.465] [Server thread/DEBUG] [net.minecraftforge.registries.ForgeRegistry/REGISTRIES]: Registry forge:holder_set_type Sync: ACTIVE -> FROZEN
[27апр.2026 21:49:46.465] [Server thread/DEBUG] [net.minecraftforge.registries.ForgeRegistry/REGISTRIES]: Registry forge:display_contexts Sync: ACTIVE -> FROZEN
[27апр.2026 21:49:46.652] [Server thread/DEBUG] [net.minecraftforge.registries.ObjectHolderRegistry/REGISTRIES]: Applying holder lookups
[27апр.2026 21:49:46.654] [Server thread/DEBUG] [net.minecraftforge.registries.ObjectHolderRegistry/REGISTRIES]: Holder lookups applied
[27апр.2026 21:49:46.654] [Server thread/DEBUG] [net.minecraftforge.registries.GameData/REGISTRIES]: FROZEN state restored.
[27апр.2026 21:49:46.655] [Server thread/DEBUG] [net.minecraftforge.fml.config.ConfigTracker/CONFIG]: Unloading configs type SERVER
[27апр.2026 21:49:47.367] [Render thread/INFO] [net.minecraft.client.Minecraft/]: Stopping!
